{
  "a9a": {
    "n_instances": 817,
    "n_m_equals_1": 549,
    "n_m_greater_1": 268,
    "percentage_m_equals_1": 67.19706242350061,
    "percentage_m_greater_1": 32.80293757649939,
    "mean_m": 2.156670746634027,
    "median_m": 1.0,
    "max_m": 29,
    "min_m": 1
  },
  "appendicitis": {
    "n_instances": 106,
    "n_m_equals_1": 106,
    "n_m_greater_1": 0,
    "percentage_m_equals_1": 100.0,
    "percentage_m_greater_1": 0.0,
    "mean_m": 1.0,
    "median_m": 1.0,
    "max_m": 1,
    "min_m": 1
  },
  "australian": {
    "n_instances": 690,
    "n_m_equals_1": 688,
    "n_m_greater_1": 2,
    "percentage_m_equals_1": 99.71014492753623,
    "percentage_m_greater_1": 0.2898550724637681,
    "mean_m": 1.0028985507246377,
    "median_m": 1.0,
    "max_m": 2,
    "min_m": 1
  },
  "backache": {
    "n_instances": 180,
    "n_m_equals_1": 178,
    "n_m_greater_1": 2,
    "percentage_m_equals_1": 98.88888888888889,
    "percentage_m_greater_1": 1.1111111111111112,
    "mean_m": 1.011111111111111,
    "median_m": 1.0,
    "max_m": 2,
    "min_m": 1
  },
  "banknote": {
    "n_instances": 348,
    "n_m_equals_1": 336,
    "n_m_greater_1": 12,
    "percentage_m_equals_1": 96.55172413793103,
    "percentage_m_greater_1": 3.4482758620689653,
    "mean_m": 1.0344827586206897,
    "median_m": 1.0,
    "max_m": 2,
    "min_m": 1
  },
  "breastcancer": {
    "n_instances": 569,
    "n_m_equals_1": 569,
    "n_m_greater_1": 0,
    "percentage_m_equals_1": 100.0,
    "percentage_m_greater_1": 0.0,
    "mean_m": 1.0,
    "median_m": 1.0,
    "max_m": 1,
    "min_m": 1
  },
  "bupa": {
    "n_instances": 345,
    "n_m_equals_1": 339,
    "n_m_greater_1": 6,
    "percentage_m_equals_1": 98.26086956521739,
    "percentage_m_greater_1": 1.7391304347826086,
    "mean_m": 1.017391304347826,
    "median_m": 1.0,
    "max_m": 2,
    "min_m": 1
  },
  "cleve": {
    "n_instances": 303,
    "n_m_equals_1": 302,
    "n_m_greater_1": 1,
    "percentage_m_equals_1": 99.66996699669967,
    "percentage_m_greater_1": 0.33003300330033003,
    "mean_m": 1.0033003300330032,
    "median_m": 1.0,
    "max_m": 2,
    "min_m": 1
  },
  "cod-rna": {
    "n_instances": 143,
    "n_m_equals_1": 115,
    "n_m_greater_1": 28,
    "percentage_m_equals_1": 80.41958041958043,
    "percentage_m_greater_1": 19.58041958041958,
    "mean_m": 1.2097902097902098,
    "median_m": 1.0,
    "max_m": 3,
    "min_m": 1
  },
  "colon-cancer": {
    "n_instances": 62,
    "n_m_equals_1": 62,
    "n_m_greater_1": 0,
    "percentage_m_equals_1": 100.0,
    "percentage_m_greater_1": 0.0,
    "mean_m": 1.0,
    "median_m": 1.0,
    "max_m": 1,
    "min_m": 1
  },
  "diabetes": {
    "n_instances": 768,
    "n_m_equals_1": 763,
    "n_m_greater_1": 5,
    "percentage_m_equals_1": 99.34895833333333,
    "percentage_m_greater_1": 0.6510416666666667,
    "mean_m": 1.0065104166666667,
    "median_m": 1.0,
    "max_m": 2,
    "min_m": 1
  },
  "flare": {
    "n_instances": 42,
    "n_m_equals_1": 5,
    "n_m_greater_1": 37,
    "percentage_m_equals_1": 11.904761904761912,
    "percentage_m_greater_1": 88.09523809523809,
    "mean_m": 20.428571428571427,
    "median_m": 18.5,
    "max_m": 72,
    "min_m": 1
  },
  "fourclass": {
    "n_instances": 862,
    "n_m_equals_1": 789,
    "n_m_greater_1": 73,
    "percentage_m_equals_1": 91.53132250580046,
    "percentage_m_greater_1": 8.468677494199536,
    "mean_m": 1.0893271461716938,
    "median_m": 1.0,
    "max_m": 3,
    "min_m": 1
  },
  "german_numer": {
    "n_instances": 1000,
    "n_m_equals_1": 999,
    "n_m_greater_1": 1,
    "percentage_m_equals_1": 99.9,
    "percentage_m_greater_1": 0.1,
    "mean_m": 1.001,
    "median_m": 1.0,
    "max_m": 2,
    "min_m": 1
  },
  "haberman": {
    "n_instances": 306,
    "n_m_equals_1": 262,
    "n_m_greater_1": 44,
    "percentage_m_equals_1": 85.62091503267973,
    "percentage_m_greater_1": 14.37908496732026,
    "mean_m": 1.1699346405228759,
    "median_m": 1.0,
    "max_m": 3,
    "min_m": 1
  },
  "heart": {
    "n_instances": 270,
    "n_m_equals_1": 270,
    "n_m_greater_1": 0,
    "percentage_m_equals_1": 100.0,
    "percentage_m_greater_1": 0.0,
    "mean_m": 1.0,
    "median_m": 1.0,
    "max_m": 1,
    "min_m": 1
  },
  "housevotes84": {
    "n_instances": 232,
    "n_m_equals_1": 118,
    "n_m_greater_1": 114,
    "percentage_m_equals_1": 50.862068965517246,
    "percentage_m_greater_1": 49.137931034482754,
    "mean_m": 2.413793103448276,
    "median_m": 1.0,
    "max_m": 8,
    "min_m": 1
  },
  "ilpd": {
    "n_instances": 579,
    "n_m_equals_1": 568,
    "n_m_greater_1": 11,
    "percentage_m_equals_1": 98.10017271157167,
    "percentage_m_greater_1": 1.8998272884283247,
    "mean_m": 1.0189982728842832,
    "median_m": 1.0,
    "max_m": 2,
    "min_m": 1
  },
  "ionosphere": {
    "n_instances": 351,
    "n_m_equals_1": 342,
    "n_m_greater_1": 9,
    "percentage_m_equals_1": 97.43589743589743,
    "percentage_m_greater_1": 2.564102564102564,
    "mean_m": 1.0284900284900285,
    "median_m": 1.0,
    "max_m": 3,
    "min_m": 1
  },
  "kr_vs_kp": {
    "n_instances": 124,
    "n_m_equals_1": 124,
    "n_m_greater_1": 0,
    "percentage_m_equals_1": 100.0,
    "percentage_m_greater_1": 0.0,
    "mean_m": 1.0,
    "median_m": 1.0,
    "max_m": 1,
    "min_m": 1
  },
  "liver-disorders": {
    "n_instances": 145,
    "n_m_equals_1": 139,
    "n_m_greater_1": 6,
    "percentage_m_equals_1": 95.86206896551724,
    "percentage_m_greater_1": 4.137931034482759,
    "mean_m": 1.0413793103448277,
    "median_m": 1.0,
    "max_m": 2,
    "min_m": 1
  },
  "mammographic": {
    "n_instances": 830,
    "n_m_equals_1": 312,
    "n_m_greater_1": 518,
    "percentage_m_equals_1": 37.590361445783124,
    "percentage_m_greater_1": 62.409638554216876,
    "mean_m": 2.6987951807228914,
    "median_m": 2.0,
    "max_m": 11,
    "min_m": 1
  },
  "mushroom": {
    "n_instances": 956,
    "n_m_equals_1": 944,
    "n_m_greater_1": 12,
    "percentage_m_equals_1": 98.74476987447699,
    "percentage_m_greater_1": 1.2552301255230125,
    "mean_m": 1.0125523012552302,
    "median_m": 1.0,
    "max_m": 2,
    "min_m": 1
  },
  "r2": {
    "n_instances": 116,
    "n_m_equals_1": 115,
    "n_m_greater_1": 1,
    "percentage_m_equals_1": 99.13793103448276,
    "percentage_m_greater_1": 0.8620689655172413,
    "mean_m": 1.0086206896551724,
    "median_m": 1.0,
    "max_m": 2,
    "min_m": 1
  },
  "sonar": {
    "n_instances": 208,
    "n_m_equals_1": 208,
    "n_m_greater_1": 0,
    "percentage_m_equals_1": 100.0,
    "percentage_m_greater_1": 0.0,
    "mean_m": 1.0,
    "median_m": 1.0,
    "max_m": 1,
    "min_m": 1
  },
  "splice": {
    "n_instances": 1000,
    "n_m_equals_1": 970,
    "n_m_greater_1": 30,
    "percentage_m_equals_1": 97.0,
    "percentage_m_greater_1": 3.0,
    "mean_m": 1.03,
    "median_m": 1.0,
    "max_m": 2,
    "min_m": 1
  },
  "svmguide1": {
    "n_instances": 17,
    "n_m_equals_1": 17,
    "n_m_greater_1": 0,
    "percentage_m_equals_1": 100.0,
    "percentage_m_greater_1": 0.0,
    "mean_m": 1.0,
    "median_m": 1.0,
    "max_m": 1,
    "min_m": 1
  },
  "svmguide3": {
    "n_instances": 219,
    "n_m_equals_1": 218,
    "n_m_greater_1": 1,
    "percentage_m_equals_1": 99.54337899543378,
    "percentage_m_greater_1": 0.45662100456621,
    "mean_m": 1.004566210045662,
    "median_m": 1.0,
    "max_m": 2,
    "min_m": 1
  },
  "transfusion": {
    "n_instances": 748,
    "n_m_equals_1": 449,
    "n_m_greater_1": 299,
    "percentage_m_equals_1": 60.02673796791444,
    "percentage_m_greater_1": 39.97326203208556,
    "mean_m": 6.0,
    "median_m": 1.0,
    "max_m": 68,
    "min_m": 1
  },
  "w1a": {
    "n_instances": 429,
    "n_m_equals_1": 336,
    "n_m_greater_1": 93,
    "percentage_m_equals_1": 78.32167832167832,
    "percentage_m_greater_1": 21.678321678321677,
    "mean_m": 15.237762237762238,
    "median_m": 1.0,
    "max_m": 207,
    "min_m": 1
  },
  "w2a": {
    "n_instances": 398,