{
   "breastcancer": {
      "all_models": [
         {
            "method": "SVC",
            "params": {
               "C": 10,
               "gamma": 0.01,
               "kernel": "rbf",
               "random_state": 1234
            },
            "cv_score": 0.9712361352488458,
            "cv_score_sd": 0.009630431153626733
         },
         {
            "method": "KNeighborsClassifier",
            "params": {
               "n_jobs": -1,
               "n_neighbors": 7
            },
            "cv_score": 0.9567126093376208,
            "cv_score_sd": 0.012360202612457273
         },
         {
            "method": "RandomForestClassifier",
            "params": {
               "max_depth": 10,
               "max_features": "sqrt",
               "n_estimators": 100,
               "random_state": 1234
            },
            "cv_score": 0.9551109467081293,
            "cv_score_sd": 0.017226251770791526
         },
         {
            "method": "GradientBoostingClassifier",
            "params": {
               "learning_rate": 0.3,
               "max_depth": 3,
               "max_features": "log2",
               "n_estimators": 300,
               "random_state": 1234
            },
            "cv_score": 0.9662574380325154,
            "cv_score_sd": 0.021041695032134922
         }
      ],
      "best_method": {
         "method": "SVC",
         "params": {
            "C": 10,
            "gamma": 0.01,
            "kernel": "rbf",
            "random_state": 1234
         },
         "cv_score": 0.9712361352488458,
         "cv_score_sd": 0.009630431153626733
      }
   }
}