{
   "cod-rna": {
      "all_models": [
         {
            "method": "SVC",
            "params": {
               "C": 1000,
               "gamma": 0.001,
               "kernel": "rbf",
               "random_state": 1234
            },
            "cv_score": 0.9167045766242584,
            "cv_score_sd": 0.033492966385490604
         },
         {
            "method": "KNeighborsClassifier",
            "params": {
               "n_jobs": -1,
               "n_neighbors": 11
            },
            "cv_score": 0.8341558036167195,
            "cv_score_sd": 0.044772117901400815
         },
         {
            "method": "RandomForestClassifier",
            "params": {
               "max_depth": null,
               "max_features": null,
               "n_estimators": 300,
               "random_state": 1234
            },
            "cv_score": 0.8776954744648519,
            "cv_score_sd": 0.05709471011208608
         },
         {
            "method": "GradientBoostingClassifier",
            "params": {
               "learning_rate": 0.2,
               "max_depth": 3,
               "max_features": null,
               "n_estimators": 100,
               "random_state": 1234
            },
            "cv_score": 0.8897457158262869,
            "cv_score_sd": 0.042281094860301925
         }
      ],
      "best_method": {
         "method": "SVC",
         "params": {
            "C": 1000,
            "gamma": 0.001,
            "kernel": "rbf",
            "random_state": 1234
         },
         "cv_score": 0.9167045766242584,
         "cv_score_sd": 0.033492966385490604
      }
   }
}