{
   "housevotes84": {
      "all_models": [
         {
            "method": "SVC",
            "params": {
               "C": 100,
               "gamma": 0.001,
               "kernel": "rbf",
               "random_state": 1234
            },
            "cv_score": 0.9690091788080929,
            "cv_score_sd": 0.021439042870898237
         },
         {
            "method": "KNeighborsClassifier",
            "params": {
               "n_jobs": -1,
               "n_neighbors": 5
            },
            "cv_score": 0.9238453554748313,
            "cv_score_sd": 0.05322513080474438
         },
         {
            "method": "RandomForestClassifier",
            "params": {
               "max_depth": 5,
               "max_features": "sqrt",
               "n_estimators": 100,
               "random_state": 1234
            },
            "cv_score": 0.9643714976486727,
            "cv_score_sd": 0.0257194563086183
         },
         {
            "method": "GradientBoostingClassifier",
            "params": {
               "learning_rate": 0.1,
               "max_depth": 7,
               "max_features": "sqrt",
               "n_estimators": 100,
               "random_state": 1234
            },
            "cv_score": 0.9594988509155609,
            "cv_score_sd": 0.025216774142436747
         }
      ],
      "best_method": {
         "method": "SVC",
         "params": {
            "C": 100,
            "gamma": 0.001,
            "kernel": "rbf",
            "random_state": 1234
         },
         "cv_score": 0.9690091788080929,
         "cv_score_sd": 0.021439042870898237
      }
   }
}