{
   "svmguide3": {
      "all_models": [
         {
            "method": "SVC",
            "params": {
               "C": 1000,
               "gamma": 0.01,
               "kernel": "rbf",
               "random_state": 1234
            },
            "cv_score": 0.5679627222081948,
            "cv_score_sd": 0.09804109908757148
         },
         {
            "method": "KNeighborsClassifier",
            "params": {
               "n_jobs": -1,
               "n_neighbors": 3
            },
            "cv_score": 0.4477189249891037,
            "cv_score_sd": 0.10142937405664455
         },
         {
            "method": "RandomForestClassifier",
            "params": {
               "max_depth": 10,
               "max_features": "sqrt",
               "n_estimators": 300,
               "random_state": 1234
            },
            "cv_score": 0.5219186756330275,
            "cv_score_sd": 0.15992844149672106
         },
         {
            "method": "GradientBoostingClassifier",
            "params": {
               "learning_rate": 0.2,
               "max_depth": 3,
               "max_features": "sqrt",
               "n_estimators": 500,
               "random_state": 1234
            },
            "cv_score": 0.5578613302105246,
            "cv_score_sd": 0.10615380477580447
         }
      ],
      "best_method": {
         "method": "SVC",
         "params": {
            "C": 1000,
            "gamma": 0.01,
            "kernel": "rbf",
            "random_state": 1234
         },
         "cv_score": 0.5679627222081948,
         "cv_score_sd": 0.09804109908757148
      }
   }
}