{
   "vehicle1": {
      "all_models": [
         {
            "method": "SVC",
            "params": {
               "C": 1000,
               "gamma": 0.01,
               "kernel": "rbf",
               "random_state": 1234
            },
            "cv_score": 0.7373540853579788,
            "cv_score_sd": 0.029385999702004853
         },
         {
            "method": "KNeighborsClassifier",
            "params": {
               "n_jobs": -1,
               "n_neighbors": 3
            },
            "cv_score": 0.5573681288225225,
            "cv_score_sd": 0.03553637210598057
         },
         {
            "method": "RandomForestClassifier",
            "params": {
               "max_depth": 10,
               "max_features": null,
               "n_estimators": 100,
               "random_state": 1234
            },
            "cv_score": 0.5668714319735992,
            "cv_score_sd": 0.03973927961754113
         },
         {
            "method": "GradientBoostingClassifier",
            "params": {
               "learning_rate": 0.2,
               "max_depth": 3,
               "max_features": "sqrt",
               "n_estimators": 500,
               "random_state": 1234
            },
            "cv_score": 0.6130945613723785,
            "cv_score_sd": 0.03773033306150862
         }
      ],
      "best_method": {
         "method": "SVC",
         "params": {
            "C": 1000,
            "gamma": 0.01,
            "kernel": "rbf",
            "random_state": 1234
         },
         "cv_score": 0.7373540853579788,
         "cv_score_sd": 0.029385999702004853
      }
   }
}