{
   "w2a": {
      "all_models": [
         {
            "method": "SVC",
            "params": {
               "C": 100,
               "gamma": 0.001,
               "kernel": "rbf",
               "random_state": 1234
            },
            "cv_score": 0.46134561757346476,
            "cv_score_sd": 0.0700412580807075
         },
         {
            "method": "KNeighborsClassifier",
            "params": {
               "n_jobs": -1,
               "n_neighbors": 1
            },
            "cv_score": 0.15235345889808133,
            "cv_score_sd": 0.10628170291635257
         },
         {
            "method": "RandomForestClassifier",
            "params": {
               "max_depth": null,
               "max_features": null,
               "n_estimators": 100,
               "random_state": 1234
            },
            "cv_score": 0.2586734693877551,
            "cv_score_sd": 0.0465195900837237
         },
         {
            "method": "GradientBoostingClassifier",
            "params": {
               "learning_rate": 0.3,
               "max_depth": 5,
               "max_features": "sqrt",
               "n_estimators": 100,
               "random_state": 1234
            },
            "cv_score": 0.31465126560154627,
            "cv_score_sd": 0.040421706817460164
         }
      ],
      "best_method": {
         "method": "SVC",
         "params": {
            "C": 100,
            "gamma": 0.001,
            "kernel": "rbf",
            "random_state": 1234
         },
         "cv_score": 0.46134561757346476,
         "cv_score_sd": 0.0700412580807075
      }
   }
}