{
   "w3a": {
      "all_models": [
         {
            "method": "SVC",
            "params": {
               "C": 1000,
               "gamma": 0.001,
               "kernel": "rbf",
               "random_state": 1234
            },
            "cv_score": 0.4287936507936507,
            "cv_score_sd": 0.058044873649762393
         },
         {
            "method": "KNeighborsClassifier",
            "params": {
               "n_jobs": -1,
               "n_neighbors": 1
            },
            "cv_score": 0.04922120752497784,
            "cv_score_sd": 0.03083100706101139
         },
         {
            "method": "RandomForestClassifier",
            "params": {
               "max_depth": null,
               "max_features": null,
               "n_estimators": 300,
               "random_state": 1234
            },
            "cv_score": 0.1696798493408663,
            "cv_score_sd": 0.1614483186616321
         },
         {
            "method": "GradientBoostingClassifier",
            "params": {
               "learning_rate": 0.3,
               "max_depth": 5,
               "max_features": "sqrt",
               "n_estimators": 100,
               "random_state": 1234
            },
            "cv_score": 0.2140933065113393,
            "cv_score_sd": 0.1429581245330287
         }
      ],
      "best_method": {
         "method": "SVC",
         "params": {
            "C": 1000,
            "gamma": 0.001,
            "kernel": "rbf",
            "random_state": 1234
         },
         "cv_score": 0.4287936507936507,
         "cv_score_sd": 0.058044873649762393
      }
   }
}