{
   "w4a": {
      "all_models": [
         {
            "method": "SVC",
            "params": {
               "C": 1000,
               "gamma": 0.001,
               "kernel": "rbf",
               "random_state": 1234
            },
            "cv_score": 0.39537910827489914,
            "cv_score_sd": 0.10930651494815792
         },
         {
            "method": "KNeighborsClassifier",
            "params": {
               "n_jobs": -1,
               "n_neighbors": 1
            },
            "cv_score": 0.09282311638985778,
            "cv_score_sd": 0.06585376082841472
         },
         {
            "method": "RandomForestClassifier",
            "params": {
               "max_depth": null,
               "max_features": null,
               "n_estimators": 500,
               "random_state": 1234
            },
            "cv_score": 0.237657908770609,
            "cv_score_sd": 0.12161388799197778
         },
         {
            "method": "GradientBoostingClassifier",
            "params": {
               "learning_rate": 0.1,
               "max_depth": 7,
               "max_features": null,
               "n_estimators": 100,
               "random_state": 1234
            },
            "cv_score": 0.2272555604356213,
            "cv_score_sd": 0.15266709990060487
         }
      ],
      "best_method": {
         "method": "SVC",
         "params": {
            "C": 1000,
            "gamma": 0.001,
            "kernel": "rbf",
            "random_state": 1234
         },
         "cv_score": 0.39537910827489914,
         "cv_score_sd": 0.10930651494815792
      }
   }
}