{
   "w6a": {
      "all_models": [
         {
            "method": "SVC",
            "params": {
               "C": 10,
               "gamma": 0.001,
               "kernel": "rbf",
               "random_state": 1234
            },
            "cv_score": 0.41974902886389476,
            "cv_score_sd": 0.13064949009853102
         },
         {
            "method": "KNeighborsClassifier",
            "params": {
               "n_jobs": -1,
               "n_neighbors": 1
            },
            "cv_score": 0.20368292603329294,
            "cv_score_sd": 0.09380836867598195
         },
         {
            "method": "RandomForestClassifier",
            "params": {
               "max_depth": null,
               "max_features": null,
               "n_estimators": 100,
               "random_state": 1234
            },
            "cv_score": 0.34385671702694304,
            "cv_score_sd": 0.16329427505976302
         },
         {
            "method": "GradientBoostingClassifier",
            "params": {
               "learning_rate": 0.3,
               "max_depth": 3,
               "max_features": null,
               "n_estimators": 300,
               "random_state": 1234
            },
            "cv_score": 0.3275175985187902,
            "cv_score_sd": 0.13408485743222687
         }
      ],
      "best_method": {
         "method": "SVC",
         "params": {
            "C": 10,
            "gamma": 0.001,
            "kernel": "rbf",
            "random_state": 1234
         },
         "cv_score": 0.41974902886389476,
         "cv_score_sd": 0.13064949009853102
      }
   }
}