{
   "yeast-0-2-5-7-9_vs_3-6-8": {
      "all_models": [
         {
            "method": "SVC",
            "params": {
               "C": 100,
               "gamma": 0.01,
               "kernel": "rbf",
               "random_state": 1234
            },
            "cv_score": 0.7296179496179496,
            "cv_score_sd": 0.28999455916661293
         },
         {
            "method": "KNeighborsClassifier",
            "params": {
               "n_jobs": -1,
               "n_neighbors": 7
            },
            "cv_score": 0.7110880878322738,
            "cv_score_sd": 0.28051690748270797
         },
         {
            "method": "RandomForestClassifier",
            "params": {
               "max_depth": 10,
               "max_features": "log2",
               "n_estimators": 300,
               "random_state": 1234
            },
            "cv_score": 0.7031816701310546,
            "cv_score_sd": 0.28591404703624773
         },
         {
            "method": "GradientBoostingClassifier",
            "params": {
               "learning_rate": 0.1,
               "max_depth": 3,
               "max_features": "sqrt",
               "n_estimators": 100,
               "random_state": 1234
            },
            "cv_score": 0.6986304909560723,
            "cv_score_sd": 0.2870054071030274
         }
      ],
      "best_method": {
         "method": "SVC",
         "params": {
            "C": 100,
            "gamma": 0.01,
            "kernel": "rbf",
            "random_state": 1234
         },
         "cv_score": 0.7296179496179496,
         "cv_score_sd": 0.28999455916661293
      }
   }
}