{
   "w4a": {
      "all_models": [
         {
            "method": "SVC",
            "params": {
               "C": 1000,
               "gamma": 0.001,
               "kernel": "rbf",
               "random_state": 1234
            },
            "cv_score": 0.5555243971839918,
            "cv_score_sd": 0.1118045728928847
         },
         {
            "method": "KNeighborsClassifier",
            "params": {
               "n_jobs": -1,
               "n_neighbors": 1
            },
            "cv_score": 0.1625777664738231,
            "cv_score_sd": 0.11295292729215896
         },
         {
            "method": "RandomForestClassifier",
            "params": {
               "max_depth": null,
               "max_features": null,
               "n_estimators": 500,
               "random_state": 1234
            },
            "cv_score": 0.36560552474285146,
            "cv_score_sd": 0.17359967862515543
         },
         {
            "method": "GradientBoostingClassifier",
            "params": {
               "learning_rate": 0.1,
               "max_depth": 7,
               "max_features": null,
               "n_estimators": 100,
               "random_state": 1234
            },
            "cv_score": 0.34206242214000493,
            "cv_score_sd": 0.21768146098041272
         }
      ],
      "best_method": {
         "method": "SVC",
         "params": {
            "C": 1000,
            "gamma": 0.001,
            "kernel": "rbf",
            "random_state": 1234
         },
         "cv_score": 0.5555243971839918,
         "cv_score_sd": 0.1118045728928847
      }
   }
}