{
   "w5a": {
      "all_models": [
         {
            "method": "SVC",
            "params": {
               "C": 1000,
               "gamma": 0.001,
               "kernel": "rbf",
               "random_state": 1234
            },
            "cv_score": 0.4896705366238393,
            "cv_score_sd": 0.11553911457353108
         },
         {
            "method": "KNeighborsClassifier",
            "params": {
               "n_jobs": -1,
               "n_neighbors": 1
            },
            "cv_score": 0.13493704991690664,
            "cv_score_sd": 0.038138946101957304
         },
         {
            "method": "RandomForestClassifier",
            "params": {
               "max_depth": null,
               "max_features": null,
               "n_estimators": 300,
               "random_state": 1234
            },
            "cv_score": 0.37354318165490097,
            "cv_score_sd": 0.17584307156466095
         },
         {
            "method": "GradientBoostingClassifier",
            "params": {
               "learning_rate": 0.2,
               "max_depth": 7,
               "max_features": "sqrt",
               "n_estimators": 100,
               "random_state": 1234
            },
            "cv_score": 0.380360229434625,
            "cv_score_sd": 0.15491190819458342
         }
      ],
      "best_method": {
         "method": "SVC",
         "params": {
            "C": 1000,
            "gamma": 0.001,
            "kernel": "rbf",
            "random_state": 1234
         },
         "cv_score": 0.4896705366238393,
         "cv_score_sd": 0.11553911457353108
      }
   }
}