{
   "w6a": {
      "all_models": [
         {
            "method": "SVC",
            "params": {
               "C": 1000,
               "gamma": 0.001,
               "kernel": "rbf",
               "random_state": 1234
            },
            "cv_score": 0.5773795654496999,
            "cv_score_sd": 0.12142720785963354
         },
         {
            "method": "KNeighborsClassifier",
            "params": {
               "n_jobs": -1,
               "n_neighbors": 1
            },
            "cv_score": 0.32656762898889563,
            "cv_score_sd": 0.13209970366960241
         },
         {
            "method": "RandomForestClassifier",
            "params": {
               "max_depth": null,
               "max_features": null,
               "n_estimators": 100,
               "random_state": 1234
            },
            "cv_score": 0.48781977512971925,
            "cv_score_sd": 0.18190869593609207
         },
         {
            "method": "GradientBoostingClassifier",
            "params": {
               "learning_rate": 0.3,
               "max_depth": 3,
               "max_features": null,
               "n_estimators": 300,
               "random_state": 1234
            },
            "cv_score": 0.4778824414786598,
            "cv_score_sd": 0.1362406275045359
         }
      ],
      "best_method": {
         "method": "SVC",
         "params": {
            "C": 1000,
            "gamma": 0.001,
            "kernel": "rbf",
            "random_state": 1234
         },
         "cv_score": 0.5773795654496999,
         "cv_score_sd": 0.12142720785963354
      }
   }
}