{
    "N1": {
        "global": 0.21363085353430522,
        "class 0": 0.13525439004327677,
        "class 1": 0.46072512435412705
    },
    "N2": {
        "global": 0.305694542333856,
        "class 0": 0.28145663077896194,
        "class 1": 0.38210841475280527
    },
    "F1": {
        "global": 0.9999782771698297,
        "class 0": 0.9999713868497908,
        "class 1": 1.0
    },
    "CLD": {
        "global": 0.324977944717474,
        "class 0": 0.20576054555876672,
        "class 1": 0.7008297630063713
    }
}