{
    "N1": {
        "global": 0.03314393939393939,
        "class 0": 0.019047619047619046,
        "class 1": 0.21491228070175436
    },
    "N2": {
        "global": 0.14076325643734927,
        "class 0": 0.12010491076160291,
        "class 1": 0.40714718751934204
    },
    "F1": {
        "global": 0.6070075757575758,
        "class 0": 0.5816326530612245,
        "class 1": 0.9342105263157895
    },
    "CLD": {
        "global": 0.07325583174853122,
        "class 0": 0.029975345880237703,
        "class 1": 0.6313463074186318
    }
}