{
    "N1": {
        "global": 0.16776729559748427,
        "class 0": 0.10098039215686273,
        "class 1": 0.43809523809523804
    },
    "N2": {
        "global": 0.3793831693743668,
        "class 0": 0.35389680277882424,
        "class 1": 0.48254227226108637
    },
    "F1": {
        "global": 0.8908355795148247,
        "class 0": 0.8756302521008402,
        "class 1": 0.9523809523809523
    },
    "CLD": {
        "global": 0.21846796149459172,
        "class 0": 0.13651499691443975,
        "class 1": 0.550182341938064
    }
}