{
    "N1": {
        "global": 0.20448585231193928,
        "class 0": 0.19321148825065274,
        "class 1": 0.21855126415387005
    },
    "N2": {
        "global": 0.3676620098168215,
        "class 0": 0.33315101702466654,
        "class 1": 0.4107164405640377
    },
    "F1": {
        "global": 0.9949275362318842,
        "class 0": 0.9990675121223423,
        "class 1": 0.9897626803164263
    },
    "CLD": {
        "global": 0.28207922612050185,
        "class 0": 0.25490868401001465,
        "class 1": 0.3159760262127384
    }
}