{
    "N1": {
        "global": 0.21162037037037038,
        "class 0": 0.12903225806451613,
        "class 1": 0.7236666666666668
    },
    "N2": {
        "global": 0.38065063278058653,
        "class 0": 0.3557216267632134,
        "class 1": 0.5352104700883005
    },
    "F1": {
        "global": 0.9883512544802867,
        "class 0": 0.9866805411030177,
        "class 1": 0.9987096774193549
    },
    "CLD": {
        "global": 0.23752645492603366,
        "class 0": 0.1356117467369524,
        "class 1": 0.8693976456983374
    }
}