{
    "N1": {
        "global": 0.0023080660835762875,
        "class 0": 0.0026246719160104987,
        "class 1": 0.0019125683060109287
    },
    "N2": {
        "global": 0.10317682173271285,
        "class 0": 0.10479980905740661,
        "class 1": 0.10114941789432488
    },
    "F1": {
        "global": 0.853134110787172,
        "class 0": 0.8238188976377953,
        "class 1": 0.8897540983606558
    },
    "CLD": {
        "global": 0.20795438107636818,
        "class 0": 0.18699938556239132,
        "class 1": 0.23413094924300815
    }
}