{
    "N1": {
        "global": 0.05005858230814294,
        "class 0": 0.046311858076563954,
        "class 1": 0.05636792452830188
    },
    "N2": {
        "global": 0.3610667679928126,
        "class 0": 0.36203488715838233,
        "class 1": 0.35943649185079196
    },
    "F1": {
        "global": 0.8413591095489162,
        "class 0": 0.8565826330532214,
        "class 1": 0.8157232704402516
    },
    "CLD": {
        "global": 0.1172463183013234,
        "class 0": 0.09004034128357766,
        "class 1": 0.16306015695856504
    }
}