{
    "N1": {
        "global": 0.4837681159420289,
        "class 0": 0.4772727272727273,
        "class 1": 0.4905325443786982
    },
    "N2": {
        "global": 0.49203203384633076,
        "class 0": 0.48695769726171095,
        "class 1": 0.49731655005279884
    },
    "F1": {
        "global": 0.9895652173913043,
        "class 0": 0.9920454545454546,
        "class 1": 0.9869822485207101
    },
    "CLD": {
        "global": 0.4734224482847043,
        "class 0": 0.46563401222572104,
        "class 1": 0.4815334822869589
    }
}