{
    "N1": {
        "global": 0.24917491749174916,
        "class 0": 0.21858585858585855,
        "class 1": 0.2857487922705314
    },
    "N2": {
        "global": 0.40454142489092393,
        "class 0": 0.3816129824840249,
        "class 1": 0.43195586689917287
    },
    "F1": {
        "global": 0.9951764407209952,
        "class 0": 0.9958041958041959,
        "class 1": 0.9944258639910813
    },
    "CLD": {
        "global": 0.279209810565677,
        "class 0": 0.24969101774527758,
        "class 1": 0.3145040193726764
    }
}