{
    "N1": {
        "global": 0.2235342970521542,
        "class 0": 0.18131411190676633,
        "class 1": 0.3082757477937476
    },
    "N2": {
        "global": 0.28553483395510343,
        "class 0": 0.21242817826482957,
        "class 1": 0.4322694832875621
    },
    "F1": {
        "global": 0.9991714285714286,
        "class 0": 0.9989137879371602,
        "class 1": 0.9996885471260417
    },
    "CLD": {
        "global": 0.3197747897358084,
        "class 0": 0.2394526812649869,
        "class 1": 0.48099179944341736
    }
}