{
    "N1": {
        "global": 0.2712365591397849,
        "class 0": 0.21208333333333335,
        "class 1": 0.37878787878787884
    },
    "N2": {
        "global": 0.46847092869905715,
        "class 0": 0.457129618790124,
        "class 1": 0.4890914921698448
    },
    "F1": {
        "global": 0.9031209677419354,
        "class 0": 0.8840375,
        "class 1": 0.9378181818181818
    },
    "CLD": {
        "global": 0.250585805975749,
        "class 0": 0.18828498785206207,
        "class 1": 0.3638600207460889
    }
}