{
    "N1": {
        "global": 0.0016294227188081935,
        "class 0": 0.0009861932938856016,
        "class 1": 0.0125
    },
    "N2": {
        "global": 0.2269108632867324,
        "class 0": 0.22048238517875984,
        "class 1": 0.3355521433114689
    },
    "F1": {
        "global": 0.7917351298061124,
        "class 0": 0.782457361642882,
        "class 1": 0.9485294117647058
    },
    "CLD": {
        "global": 0.08116467577166163,
        "class 0": 0.05371602920337187,
        "class 1": 0.5450468027757583
    }
}