{
    "N1": {
        "global": 0.30421006944444445,
        "class 0": 0.21606666666666666,
        "class 1": 0.4686567164179104
    },
    "N2": {
        "global": 0.45419160634561856,
        "class 0": 0.4294930131709393,
        "class 1": 0.5002710712237515
    },
    "F1": {
        "global": 0.9969075520833334,
        "class 0": 0.99825,
        "class 1": 0.9944029850746269
    },
    "CLD": {
        "global": 0.3353181203116596,
        "class 0": 0.2582570606180483,
        "class 1": 0.4790887540683969
    }
}