{
    "N1": {
        "global": 0.06944444444444445,
        "class 0": 0.04254694835680751,
        "class 1": 0.21634615384615385
    },
    "N2": {
        "global": 0.3072263235726318,
        "class 0": 0.28845434447675145,
        "class 1": 0.40975020940397866
    },
    "F1": {
        "global": 0.8745748299319727,
        "class 0": 0.8521126760563378,
        "class 1": 0.9972527472527474
    },
    "CLD": {
        "global": 0.2684103181537785,
        "class 0": 0.1680194724712516,
        "class 1": 0.8166987830352717
    }
}