{
    "N1": {
        "global": 0.10342261904761904,
        "class 0": 0.059800664451827246,
        "class 1": 0.4785714285714286
    },
    "N2": {
        "global": 0.25531179322429814,
        "class 0": 0.227387429401364,
        "class 1": 0.49546132210153215
    },
    "F1": {
        "global": 0.8082482993197279,
        "class 0": 0.7859515899383008,
        "class 1": 1.0
    },
    "CLD": {
        "global": 0.16239712562312927,
        "class 0": 0.10004242242363572,
        "class 1": 0.698647573138774
    }
}