{
    "N1": {
        "global": 0.027976190476190474,
        "class 0": 0.01282051282051282,
        "class 1": 0.225
    },
    "N2": {
        "global": 0.20664728800994134,
        "class 0": 0.1911122795949767,
        "class 1": 0.4086023974044816
    },
    "F1": {
        "global": 0.8125,
        "class 0": 0.807051282051282,
        "class 1": 0.8833333333333334
    },
    "CLD": {
        "global": 0.060855206965505025,
        "class 0": 0.03395032463379426,
        "class 1": 0.41061867727774526
    }
}