{
    "N1": {
        "global": 0.12822420634920634,
        "class 0": 0.083011583011583,
        "class 1": 0.2803030303030303
    },
    "N2": {
        "global": 0.3066667304008387,
        "class 0": 0.2673849137877589,
        "class 1": 0.4387964771902888
    },
    "F1": {
        "global": 0.9090136054421769,
        "class 0": 0.8863761720904577,
        "class 1": 0.9851576994434138
    },
    "CLD": {
        "global": 0.29176003193140115,
        "class 0": 0.18221859949618108,
        "class 1": 0.6602175773953234
    }
}