{
    "N1": {
        "global": 0.04995039682539682,
        "class 0": 0.024267100977198693,
        "class 1": 0.32183908045977005
    },
    "N2": {
        "global": 0.26356866455434025,
        "class 0": 0.2464066655413852,
        "class 1": 0.44524913686389855
    },
    "F1": {
        "global": 0.9455782312925171,
        "class 0": 0.9455560725919032,
        "class 1": 0.9458128078817735
    },
    "CLD": {
        "global": 0.11411827814098345,
        "class 0": 0.05676968344251748,
        "class 1": 0.7212223668454336
    }
}