{
    "N1": {
        "global": 0.024305555555555552,
        "class 0": 0.01160337552742616,
        "class 1": 0.225
    },
    "N2": {
        "global": 0.20426430373139048,
        "class 0": 0.18967148187602045,
        "class 1": 0.43483088904623735
    },
    "F1": {
        "global": 0.6279761904761904,
        "class 0": 0.6084990958408679,
        "class 1": 0.9357142857142857
    },
    "CLD": {
        "global": 0.09913795955993718,
        "class 0": 0.05740671546472143,
        "class 1": 0.7584916162643458
    }
}