{
    "N1": {
        "global": 0.27758044517046737,
        "class 0": 0.19725655349539012,
        "class 1": 0.6677250618779854
    },
    "N2": {
        "global": 0.09711880338258935,
        "class 0": 0.05791461604868465,
        "class 1": 0.287539141861555
    },
    "F1": {
        "global": 1.0,
        "class 0": 1.0,
        "class 1": 1.0
    },
    "CLD": {
        "global": 0.2498158412928434,
        "class 0": 0.1503594567134287,
        "class 1": 0.7328897092500006
    }
}