{
    "N1": {
        "global": 0.004060324825986079,
        "class 0": 0.0030030030030030025,
        "class 1": 0.005971769815418024
    },
    "N2": {
        "global": 0.09732501379170479,
        "class 0": 0.09173256859021273,
        "class 1": 0.10743513459570513
    },
    "F1": {
        "global": 0.8538283062645011,
        "class 0": 0.772972972972973,
        "class 1": 1.0
    },
    "CLD": {
        "global": 0.3214851008354111,
        "class 0": 0.25044505844102544,
        "class 1": 0.44991253904024536
    }
}