{
    "N1": {
        "global": 0.32284642857142853,
        "class 0": 0.22260714285714284,
        "class 1": 0.5567380952380953
    },
    "N2": {
        "global": 0.44402494576024115,
        "class 0": 0.41896288349428656,
        "class 1": 0.5025030910474684
    },
    "F1": {
        "global": 0.9993333333333333,
        "class 0": 0.9991666666666666,
        "class 1": 0.9997222222222221
    },
    "CLD": {
        "global": 0.3446726558684193,
        "class 0": 0.24731502415814824,
        "class 1": 0.5718404631923852
    }
}