{
    "N1": {
        "global": 0.04711838006230529,
        "class 0": 0.027477477477477474,
        "class 1": 0.1724137931034483
    },
    "N2": {
        "global": 0.21184189576114112,
        "class 0": 0.2031193299730351,
        "class 1": 0.2674858499266448
    },
    "F1": {
        "global": 0.8701973001038422,
        "class 0": 0.8510510510510512,
        "class 1": 0.9923371647509579
    },
    "CLD": {
        "global": 0.11156330196110885,
        "class 0": 0.061133547728512365,
        "class 1": 0.43327035482422416
    }
}