{
    "N1": {
        "global": 0.11425233644859813,
        "class 0": 0.0631979695431472,
        "class 1": 0.7058823529411765
    },
    "N2": {
        "global": 0.3187089687742933,
        "class 0": 0.2999684647377378,
        "class 1": 0.5358783390802592
    },
    "F1": {
        "global": 0.7533748701973001,
        "class 0": 0.7320924985899605,
        "class 1": 1.0
    },
    "CLD": {
        "global": 0.1467652215305305,
        "class 0": 0.0818357628941837,
        "class 1": 0.8991830657281964
    }
}