{
    "N1": {
        "global": 0.21222741433021805,
        "class 0": 0.13164251207729466,
        "class 1": 0.35855263157894735
    },
    "N2": {
        "global": 0.35348800818357917,
        "class 0": 0.3174943991825856,
        "class 1": 0.41884482452748845
    },
    "F1": {
        "global": 0.9626168224299065,
        "class 0": 0.9557165861513688,
        "class 1": 0.9751461988304094
    },
    "CLD": {
        "global": 0.4130289343468577,
        "class 0": 0.3093075228858882,
        "class 1": 0.6013651814733553
    }
}