{
    "N1": {
        "global": 0.04945482866043613,
        "class 0": 0.027777777777777776,
        "class 1": 0.38461538461538464
    },
    "N2": {
        "global": 0.17722012782253405,
        "class 0": 0.16660753103495465,
        "class 1": 0.3413072012304928
    },
    "F1": {
        "global": 0.7897196261682243,
        "class 0": 0.7788833609729131,
        "class 1": 0.9572649572649573
    },
    "CLD": {
        "global": 0.09099483745336277,
        "class 0": 0.03955002881937437,
        "class 1": 0.8864107247942605
    }
}