{
    "N1": {
        "global": 0.220404984423676,
        "class 0": 0.1950231481481481,
        "class 1": 0.27261904761904754
    },
    "N2": {
        "global": 0.3522794964976623,
        "class 0": 0.3383811176056752,
        "class 1": 0.38087044736117887
    },
    "F1": {
        "global": 0.8826583592938735,
        "class 0": 0.8271604938271605,
        "class 1": 0.9968253968253967
    },
    "CLD": {
        "global": 0.3596753037090929,
        "class 0": 0.2675277960309775,
        "class 1": 0.5492358909326446
    }
}