{
    "N1": {
        "global": 0.3677015250544662,
        "class 0": 0.24592592592592594,
        "class 1": 0.7059670781893005
    },
    "N2": {
        "global": 0.3986639884552394,
        "class 0": 0.3300057829649662,
        "class 1": 0.5893812259282206
    },
    "F1": {
        "global": 0.989106753812636,
        "class 0": 0.9896296296296296,
        "class 1": 0.9876543209876543
    },
    "CLD": {
        "global": 0.3754694986830011,
        "class 0": 0.26354506778895587,
        "class 1": 0.6863706956109048
    }
}