{
    "N1": {
        "global": 0.24126984126984125,
        "class 0": 0.1987301587301587,
        "class 1": 0.29444444444444445
    },
    "N2": {
        "global": 0.3944560020498427,
        "class 0": 0.3746052883925779,
        "class 1": 0.4192693941214237
    },
    "F1": {
        "global": 0.994871794871795,
        "class 0": 0.9948717948717949,
        "class 1": 0.9948717948717949
    },
    "CLD": {
        "global": 0.23666012382805635,
        "class 0": 0.2055353823834099,
        "class 1": 0.27556605063386447
    }
}