{
    "N1": {
        "global": 0.09456417624521071,
        "class 0": 0.09865591397849462,
        "class 1": 0.08986625514403292
    },
    "N2": {
        "global": 0.19385262725779967,
        "class 0": 0.21355606758832568,
        "class 1": 0.17123015873015868
    },
    "F1": {
        "global": 1.0,
        "class 0": 1.0,
        "class 1": 1.0
    },
    "CLD": {
        "global": 0.1025389465714741,
        "class 0": 0.08913077556451651,
        "class 1": 0.1179335132831661
    }
}