{
    "N1": {
        "global": 0.36732872769142194,
        "class 0": 0.2731884057971014,
        "class 1": 0.6035353535353535
    },
    "N2": {
        "global": 0.43780643983047246,
        "class 0": 0.4142858895401525,
        "class 1": 0.4968216387407297
    },
    "F1": {
        "global": 0.9571675302245252,
        "class 0": 0.9425120772946861,
        "class 1": 0.9939393939393939
    },
    "CLD": {
        "global": 0.36332750594576824,
        "class 0": 0.261378431389805,
        "class 1": 0.619127002104367
    }
}