{
    "N1": {
        "global": 0.11280468502690726,
        "class 0": 0.06066666666666666,
        "class 1": 0.20590828924162255
    },
    "N2": {
        "global": 0.3228969474126684,
        "class 0": 0.25055417485497994,
        "class 1": 0.45208046983711203
    },
    "F1": {
        "global": 0.9685771744595275,
        "class 0": 1.0,
        "class 1": 0.9124649859943977
    },
    "CLD": {
        "global": 0.20079455527820805,
        "class 0": 0.13717478118223192,
        "class 1": 0.31440129473530815
    }
}