{
    "N1": {
        "global": 0.17745452381716464,
        "class 0": 0.10387565466954321,
        "class 1": 0.25787569775781954
    },
    "N2": {
        "global": 0.34934221694385564,
        "class 0": 0.35457324530871565,
        "class 1": 0.3436247406236519
    },
    "F1": {
        "global": 0.9943766513697676,
        "class 0": 0.990280274282671,
        "class 1": 0.9988539620170268
    },
    "CLD": {
        "global": 0.4677064784801696,
        "class 0": 0.40465570921494637,
        "class 1": 0.5366205150902925
    }
}