{
    "N1": {
        "global": 0.3350574712643678,
        "class 0": 0.2592592592592593,
        "class 1": 0.45909090909090905
    },
    "N2": {
        "global": 0.43315183361675835,
        "class 0": 0.42876554312245385,
        "class 1": 0.44032939988016584
    },
    "F1": {
        "global": 0.9572413793103449,
        "class 0": 0.98,
        "class 1": 0.9199999999999998
    },
    "CLD": {
        "global": 0.39180207074033346,
        "class 0": 0.3141672965209382,
        "class 1": 0.5188407921902529
    }
}