{
    "N1": {
        "global": 0.28272666423268833,
        "class 0": 0.27115163005092746,
        "class 1": 0.2949910304749015
    },
    "N2": {
        "global": 0.19129602480262342,
        "class 0": 0.19201415154632875,
        "class 1": 0.19053513120569496
    },
    "F1": {
        "global": 0.9879518072289156,
        "class 0": 0.9812646370023419,
        "class 1": 0.9950372208436724
    },
    "CLD": {
        "global": 0.307199516721017,
        "class 0": 0.29671505043795926,
        "class 1": 0.318308368092892
    }
}