{
    "N1": {
        "global": 0.0010464291575812991,
        "class 0": 0.000982538928118776,
        "class 1": 0.001115083418454205
    },
    "N2": {
        "global": 0.03920778144960128,
        "class 0": 0.041204494160346626,
        "class 1": 0.037062182091374386
    },
    "F1": {
        "global": 0.9856989391701357,
        "class 0": 0.9821984099550639,
        "class 1": 0.989460488439038
    },
    "CLD": {
        "global": 0.21097382545574814,
        "class 0": 0.2028017796766989,
        "class 1": 0.21975522704876124
    }
}