{
    "N1": {
        "global": 0.02558139534883721,
        "class 0": 0.018518518518518517,
        "class 1": 0.0619047619047619
    },
    "N2": {
        "global": 0.19446521102195305,
        "class 0": 0.17952083692662574,
        "class 1": 0.2713219920836361
    },
    "F1": {
        "global": 0.5330232558139535,
        "class 0": 0.5111111111111111,
        "class 1": 0.6457142857142857
    },
    "CLD": {
        "global": 0.05533309300575819,
        "class 0": 0.033322132765842435,
        "class 1": 0.16853231709675348
    }
}