{
    "N1": {
        "global": 0.02558139534883721,
        "class 0": 0.018518518518518517,
        "class 1": 0.0619047619047619
    },
    "N2": {
        "global": 0.194465211021953,
        "class 0": 0.1795208369266257,
        "class 1": 0.27132199208363605
    },
    "F1": {
        "global": 0.5330232558139536,
        "class 0": 0.5111111111111111,
        "class 1": 0.6457142857142858
    },
    "CLD": {
        "global": 0.05554226976137327,
        "class 0": 0.03404158904099909,
        "class 1": 0.1661171991804405
    }
}