{
    "N1": {
        "global": 0.0077683615819209035,
        "class 0": 0.0045045045045045045,
        "class 1": 0.05952380952380952
    },
    "N2": {
        "global": 0.09916120804161903,
        "class 0": 0.09106065513277266,
        "class 1": 0.2276128327390401
    },
    "F1": {
        "global": 0.4038135593220339,
        "class 0": 0.37072072072072076,
        "class 1": 0.9285714285714285
    },
    "CLD": {
        "global": 0.07812084859162324,
        "class 0": 0.03027804025622335,
        "class 1": 0.8367710950529647
    }
}