{
    "N1": {
        "global": 0.04236285157337789,
        "class 0": 0.02240654047085962,
        "class 1": 0.21775704915239796
    },
    "N2": {
        "global": 0.16607541344721785,
        "class 0": 0.15189075083049425,
        "class 1": 0.2907431190571695
    },
    "F1": {
        "global": 0.9965826023391813,
        "class 0": 0.9999185833502953,
        "class 1": 0.9672629695885511
    },
    "CLD": {
        "global": 0.1431362131927783,
        "class 0": 0.07189710619625135,
        "class 1": 0.7692502251318427
    }
}