{
    "N1": {
        "global": 0.29798850574712643,
        "class 0": 0.290625,
        "class 1": 0.30705128205128207
    },
    "N2": {
        "global": 0.46429426685127906,
        "class 0": 0.4738995462950221,
        "class 1": 0.4524723844589798
    },
    "F1": {
        "global": 0.9454022988505746,
        "class 0": 0.9305555555555556,
        "class 1": 0.9636752136752136
    },
    "CLD": {
        "global": 0.48099347764058203,
        "class 0": 0.4411196266036449,
        "class 1": 0.5300689866091198
    }
}