{
    "N1": {
        "global": 0.17572115384615383,
        "class 0": 0.1263191763191763,
        "class 1": 0.2322533136966127
    },
    "N2": {
        "global": 0.41326947999176106,
        "class 0": 0.4031706918818998,
        "class 1": 0.42482582514840656
    },
    "F1": {
        "global": 0.9777243589743588,
        "class 0": 0.977027027027027,
        "class 1": 0.9785223367697593
    },
    "CLD": {
        "global": 0.46630617935883095,
        "class 0": 0.4259711283234211,
        "class 1": 0.5124627841519287
    }
}