{
    "N1": {
        "global": 0.2510078128146269,
        "class 0": 0.09423311016433353,
        "class 1": 0.8553030303030302
    },
    "N2": {
        "global": 0.34313427814749636,
        "class 0": 0.3431855864569514,
        "class 1": 0.34293650793650593
    },
    "F1": {
        "global": 0.9875723527408921,
        "class 0": 0.9843481989708405,
        "class 1": 1.0
    },
    "CLD": {
        "global": 0.29410759992562074,
        "class 0": 0.18934807420057473,
        "class 1": 0.6979079536294343
    }
}