{
    "N1": {
        "global": 0.30846862581862583,
        "class 0": 0.4088620599258897,
        "class 1": 0.20100815908269323
    },
    "N2": {
        "global": 0.44725778588030574,
        "class 0": 0.4979075844523867,
        "class 1": 0.393042577056774
    },
    "F1": {
        "global": 1.0,
        "class 0": 1.0,
        "class 1": 1.0
    },
    "CLD": {
        "global": 0.2182974887214478,
        "class 0": 0.21576237060739112,
        "class 1": 0.22101106235492043
    }
}