{
    "N1": {
        "global": 0.04979497140390633,
        "class 0": 0.03990833333333333,
        "class 1": 0.06795224977043159
    },
    "N2": {
        "global": 0.22198958900958057,
        "class 0": 0.20810426161831844,
        "class 1": 0.24749064941593898
    },
    "F1": {
        "global": 0.9185820653933312,
        "class 0": 0.883375,
        "class 1": 0.9832415059687787
    },
    "CLD": {
        "global": 0.1057991558662521,
        "class 0": 0.08506797918658571,
        "class 1": 0.14387294223845856
    }
}