{
    "N1": {
        "global": 0.26369095506263646,
        "class 0": 0.15501709659576607,
        "class 1": 0.6113738738738739
    },
    "N2": {
        "global": 0.43710133310950094,
        "class 0": 0.41018278889526233,
        "class 1": 0.5232224863895146
    },
    "F1": {
        "global": 0.9927594529364441,
        "class 0": 0.9944321781702986,
        "class 1": 0.9874078624078625
    },
    "CLD": {
        "global": 0.285296294020854,
        "class 0": 0.1831794645748078,
        "class 1": 0.6120011503904677
    }
}