{
    "N1": {
        "global": 0.37684264166943465,
        "class 0": 0.33224563448247657,
        "class 1": 0.5196532826613791
    },
    "N2": {
        "global": 0.2907933373437751,
        "class 0": 0.23185396308489017,
        "class 1": 0.47953178300424915
    },
    "F1": {
        "global": 0.9963235294117647,
        "class 0": 0.9969298245614036,
        "class 1": 0.9943820224719101
    },
    "CLD": {
        "global": 0.3329633051195398,
        "class 0": 0.21605061489900962,
        "class 1": 0.7073466389717992
    }
}