{
    "N1": {
        "global": 0.034732072498029946,
        "class 0": 0.026698513800424626,
        "class 1": 0.05787461773700305
    },
    "N2": {
        "global": 0.33631783680603167,
        "class 0": 0.3306807283088161,
        "class 1": 0.35255684660534975
    },
    "F1": {
        "global": 0.9274363015497767,
        "class 0": 0.9123319179051661,
        "class 1": 0.970948012232416
    },
    "CLD": {
        "global": 0.25709379394439397,
        "class 0": 0.17596409725879292,
        "class 1": 0.49080686513043736
    }
}