{
    "N1": {
        "global": 0.2788908589440504,
        "class 0": 0.1922893481717011,
        "class 1": 0.529915514592934
    },
    "N2": {
        "global": 0.42484274154622986,
        "class 0": 0.39714943529298624,
        "class 1": 0.5051150440037889
    },
    "F1": {
        "global": 0.9756369845022328,
        "class 0": 0.9691750574103515,
        "class 1": 0.9943676395289298
    },
    "CLD": {
        "global": 0.33930395652482614,
        "class 0": 0.2283725316295275,
        "class 1": 0.6608517273042862
    }
}