{
    "N1": {
        "global": 0.047990543735224586,
        "class 0": 0.03361669242658424,
        "class 1": 0.09472361809045225
    },
    "N2": {
        "global": 0.30257857325461607,
        "class 0": 0.2772516366438207,
        "class 1": 0.38492293499926256
    },
    "F1": {
        "global": 0.8399658523771999,
        "class 0": 0.7919457324403228,
        "class 1": 0.9960915689558906
    },
    "CLD": {
        "global": 0.2970754824049675,
        "class 0": 0.19548200183491662,
        "class 1": 0.6273819242583489
    }
}