{
    "N1": {
        "global": 0.2734338061465721,
        "class 0": 0.1721740273396425,
        "class 1": 0.5762578616352201
    },
    "N2": {
        "global": 0.41937058259245413,
        "class 0": 0.38865222112961473,
        "class 1": 0.5112358711181153
    },
    "F1": {
        "global": 0.9814814814814815,
        "class 0": 0.9768664563617244,
        "class 1": 0.9952830188679245
    },
    "CLD": {
        "global": 0.33675247171076633,
        "class 0": 0.22457227564070545,
        "class 1": 0.6722347561844392
    }
}