{
    "N1": {
        "global": 0.041890474118986255,
        "class 0": 0.02685777455518936,
        "class 1": 0.5440243970485906
    },
    "N2": {
        "global": 0.3294736232544452,
        "class 0": 0.3268830687075661,
        "class 1": 0.41600534110505843
    },
    "F1": {
        "global": 0.9909446911586597,
        "class 0": 0.9908246708246709,
        "class 1": 0.9949537037037037
    },
    "CLD": {
        "global": 0.05694121409776186,
        "class 0": 0.029906438545611695,
        "class 1": 0.9599778141383337
    }
}