{
    "N1": {
        "global": 0.043346267491150926,
        "class 0": 0.026695081555997896,
        "class 1": 0.5666914852474092
    },
    "N2": {
        "global": 0.32145832092320237,
        "class 0": 0.3184541428506543,
        "class 1": 0.41587935697907935
    },
    "F1": {
        "global": 0.9935571565802114,
        "class 0": 0.993479036574487,
        "class 1": 0.9960124610591901
    },
    "CLD": {
        "global": 0.05999853779357308,
        "class 0": 0.031060835694099145,
        "class 1": 0.9695078103218986
    }
}