{
    "N1": {
        "global": 0.04213944906235463,
        "class 0": 0.02805083319977682,
        "class 1": 0.511989861989862
    },
    "N2": {
        "global": 0.3096311821059409,
        "class 0": 0.30696095509850374,
        "class 1": 0.3986823191581628
    },
    "F1": {
        "global": 0.994144272529859,
        "class 0": 0.9940721325225416,
        "class 1": 0.9965501165501165
    },
    "CLD": {
        "global": 0.05281902113376353,
        "class 0": 0.025409496999078875,
        "class 1": 0.9669170672757992
    }
}