{
    "N1": {
        "global": 0.036984105512449454,
        "class 0": 0.023412878334187176,
        "class 1": 0.4862168570151129
    },
    "N2": {
        "global": 0.2943961680059641,
        "class 0": 0.29246916385180893,
        "class 1": 0.35818357403471146
    },
    "F1": {
        "global": 0.9949787311068875,
        "class 0": 0.9949002331002331,
        "class 1": 0.9975771604938272
    },
    "CLD": {
        "global": 0.05176881537866313,
        "class 0": 0.024151959748485607,
        "class 1": 0.9659378790627804
    }
}