{
    "N1": {
        "global": 0.03504783766359986,
        "class 0": 0.02199845029590851,
        "class 1": 0.4811882805155958
    },
    "N2": {
        "global": 0.2834969547650142,
        "class 0": 0.2813251414232515,
        "class 1": 0.35774823865937355
    },
    "F1": {
        "global": 0.9960635787486515,
        "class 0": 0.9960206099718953,
        "class 1": 0.9975326215895611
    },
    "CLD": {
        "global": 0.05219993507371138,
        "class 0": 0.02538329734946105,
        "class 1": 0.96902356004479
    }
}