{
    "N1": {
        "global": 0.035419153440356795,
        "class 0": 0.023162585539544003,
        "class 1": 0.4244309456903442
    },
    "N2": {
        "global": 0.26021479157331434,
        "class 0": 0.2589725524114653,
        "class 1": 0.2996422794854885
    },
    "F1": {
        "global": 0.9961957955162517,
        "class 0": 0.9961397507451639,
        "class 1": 0.9979746031746033
    },
    "CLD": {
        "global": 0.053777092875870264,
        "class 0": 0.025133905398522755,
        "class 1": 0.9628845841807114
    }
}