{
    "N1": {
        "global": 0.04097167932508202,
        "class 0": 0.030207991439252242,
        "class 1": 0.38936607424588604
    },
    "N2": {
        "global": 0.2464578464492012,
        "class 0": 0.2452424221696797,
        "class 1": 0.28579817393987456
    },
    "F1": {
        "global": 0.9962630271612938,
        "class 0": 0.9961973947895792,
        "class 1": 0.9983873873873873
    },
    "CLD": {
        "global": 0.05582054591826535,
        "class 0": 0.027636128341649528,
        "class 1": 0.9680815861819171
    }
}