{
    "N1": {
        "global": 0.018526481426076866,
        "class 0": 0.004632643729767455,
        "class 1": 0.46545644791913454
    },
    "N2": {
        "global": 0.26007090671297045,
        "class 0": 0.25850260864806207,
        "class 1": 0.3105191282138426
    },
    "F1": {
        "global": 0.996324,
        "class 0": 0.9962492481655238,
        "class 1": 0.9987285793255942
    },
    "CLD": {
        "global": 0.04050911243276679,
        "class 0": 0.013772607878359619,
        "class 1": 0.9005555118387966
    }
}