{
    "N1": {
        "global": 0.029323899371069183,
        "class 0": 0.01713825626869105,
        "class 1": 0.5338095238095238
    },
    "N2": {
        "global": 0.25804359972624774,
        "class 0": 0.25262599327954555,
        "class 1": 0.4823325066197185
    },
    "F1": {
        "global": 0.8627021563342318,
        "class 0": 0.8593857832988268,
        "class 1": 1.0
    },
    "CLD": {
        "global": 0.047100910874546265,
        "class 0": 0.024861084393638946,
        "class 1": 0.9678297271841091
    }
}