{
    "N1": {
        "global": 0.04394654088050315,
        "class 0": 0.022702954175389624,
        "class 1": 0.6408496732026143
    },
    "N2": {
        "global": 0.27630780806236915,
        "class 0": 0.2672183200852466,
        "class 1": 0.5317045976940676
    },
    "F1": {
        "global": 0.9497136118598383,
        "class 0": 0.947923935799023,
        "class 1": 1.0
    },
    "CLD": {
        "global": 0.06652992004231001,
        "class 0": 0.03461446579816602,
        "class 1": 0.9632916049807088
    }
}