{
    "N1": {
        "global": 0.019946091644204852,
        "class 0": 0.008460648148148148,
        "class 1": 0.39583333333333337
    },
    "N2": {
        "global": 0.17467018129312298,
        "class 0": 0.16616208117468984,
        "class 1": 0.453117094260025
    },
    "F1": {
        "global": 0.7158861185983828,
        "class 0": 0.7072916666666667,
        "class 1": 0.9971590909090909
    },
    "CLD": {
        "global": 0.05707883065866998,
        "class 0": 0.03028156801317082,
        "class 1": 0.9340801536022787
    }
}