{
    "N1": {
        "global": 0.3019285072519574,
        "class 0": 0.21135860979462875,
        "class 1": 0.5246586746586747
    },
    "N2": {
        "global": 0.4147500278503825,
        "class 0": 0.38300828817398774,
        "class 1": 0.4928095508307936
    },
    "F1": {
        "global": 0.9888814016172507,
        "class 0": 0.9853080568720379,
        "class 1": 0.9976689976689976
    },
    "CLD": {
        "global": 0.4072475575301561,
        "class 0": 0.28622306168231565,
        "class 1": 0.7048719004659877
    }
}