{
    "N1": {
        "global": 0.04784433693796244,
        "class 0": 0.02843462246777164,
        "class 1": 0.22527657527657527
    },
    "N2": {
        "global": 0.29940812244884796,
        "class 0": 0.2895273278605594,
        "class 1": 0.3897325578266376
    },
    "F1": {
        "global": 0.9699950199203188,
        "class 0": 0.9676795580110498,
        "class 1": 0.9911616161616161
    },
    "CLD": {
        "global": 0.1911822218016859,
        "class 0": 0.11585414475135856,
        "class 1": 0.8797873705950822
    }
}