{
    "N1": {
        "global": 0.06599281221922731,
        "class 0": 0.03382538480948776,
        "class 1": 0.3266871165644171
    },
    "N2": {
        "global": 0.3091476414703863,
        "class 0": 0.29188963143767277,
        "class 1": 0.44901163688888135
    },
    "F1": {
        "global": 0.8971529649595688,
        "class 0": 0.8849356548069645,
        "class 1": 0.9961656441717791
    },
    "CLD": {
        "global": 0.18659344156922877,
        "class 0": 0.10201986611193449,
        "class 1": 0.8720026021771168
    }
}