{
   "bupa": {
      "all_models": [
         {
            "method": "SVC",
            "params": {
               "C": 1000,
               "gamma": 0.01,
               "kernel": "rbf",
               "random_state": 1234
            },
            "cv_score": 0.6454255577861099,
            "cv_score_sd": 0.04588412922953934
         },
         {
            "method": "KNeighborsClassifier",
            "params": {
               "n_jobs": -1,
               "n_neighbors": 11
            },
            "cv_score": 0.5809685474118014,
            "cv_score_sd": 0.0484274161728762
         },
         {
            "method": "RandomForestClassifier",
            "params": {
               "max_depth": 5,
               "max_features": null,
               "n_estimators": 500,
               "random_state": 1234
            },
            "cv_score": 0.6405976172920592,
            "cv_score_sd": 0.050788580498540015
         },
         {
            "method": "GradientBoostingClassifier",
            "params": {
               "learning_rate": 0.1,
               "max_depth": 3,
               "max_features": "sqrt",
               "n_estimators": 100,
               "random_state": 1234
            },
            "cv_score": 0.606714614259497,
            "cv_score_sd": 0.06695904402777303
         }
      ],
      "best_method": {
         "method": "SVC",
         "params": {
            "C": 1000,
            "gamma": 0.01,
            "kernel": "rbf",
            "random_state": 1234
         },
         "cv_score": 0.6454255577861099,
         "cv_score_sd": 0.04588412922953934
      }
   }
}