{
   "w2a": {
      "all_models": [
         {
            "method": "SVC",
            "params": {
               "C": 100,
               "gamma": 0.001,
               "kernel": "rbf",
               "random_state": 1234
            },
            "cv_score": 0.7347492500959629,
            "cv_score_sd": 0.038489649085238734
         },
         {
            "method": "KNeighborsClassifier",
            "params": {
               "n_jobs": -1,
               "n_neighbors": 3
            },
            "cv_score": 0.5637815277390905,
            "cv_score_sd": 0.08335749496580121
         },
         {
            "method": "RandomForestClassifier",
            "params": {
               "max_depth": null,
               "max_features": "sqrt",
               "n_estimators": 100,
               "random_state": 1234
            },
            "cv_score": 0.6449768955473216,
            "cv_score_sd": 0.05526078783998351
         },
         {
            "method": "GradientBoostingClassifier",
            "params": {
               "learning_rate": 0.3,
               "max_depth": 5,
               "max_features": "sqrt",
               "n_estimators": 100,
               "random_state": 1234
            },
            "cv_score": 0.6729010495150393,
            "cv_score_sd": 0.033108866384530554
         }
      ],
      "best_method": {
         "method": "SVC",
         "params": {
            "C": 100,
            "gamma": 0.001,
            "kernel": "rbf",
            "random_state": 1234
         },
         "cv_score": 0.7347492500959629,
         "cv_score_sd": 0.038489649085238734
      }
   }
}