{
   "w4a": {
      "all_models": [
         {
            "method": "SVC",
            "params": {
               "C": 1000,
               "gamma": 0.001,
               "kernel": "rbf",
               "random_state": 1234
            },
            "cv_score": 0.6994985355025453,
            "cv_score_sd": 0.057161591959234107
         },
         {
            "method": "KNeighborsClassifier",
            "params": {
               "n_jobs": -1,
               "n_neighbors": 3
            },
            "cv_score": 0.5360412188883219,
            "cv_score_sd": 0.03489471991300375
         },
         {
            "method": "RandomForestClassifier",
            "params": {
               "max_depth": null,
               "max_features": null,
               "n_estimators": 500,
               "random_state": 1234
            },
            "cv_score": 0.6215146545457049,
            "cv_score_sd": 0.07109582478654279
         },
         {
            "method": "GradientBoostingClassifier",
            "params": {
               "learning_rate": 0.2,
               "max_depth": 5,
               "max_features": "log2",
               "n_estimators": 100,
               "random_state": 1234
            },
            "cv_score": 0.6201293597168027,
            "cv_score_sd": 0.0808786260821378
         }
      ],
      "best_method": {
         "method": "SVC",
         "params": {
            "C": 1000,
            "gamma": 0.001,
            "kernel": "rbf",
            "random_state": 1234
         },
         "cv_score": 0.6994985355025453,
         "cv_score_sd": 0.057161591959234107
      }
   }
}