{
   "w5a": {
      "all_models": [
         {
            "method": "SVC",
            "params": {
               "C": 1000,
               "gamma": 0.001,
               "kernel": "rbf",
               "random_state": 1234
            },
            "cv_score": 0.6677118788893796,
            "cv_score_sd": 0.05411447019849556
         },
         {
            "method": "KNeighborsClassifier",
            "params": {
               "n_jobs": -1,
               "n_neighbors": 3
            },
            "cv_score": 0.5268945423672268,
            "cv_score_sd": 0.0129383619917825
         },
         {
            "method": "RandomForestClassifier",
            "params": {
               "max_depth": null,
               "max_features": null,
               "n_estimators": 300,
               "random_state": 1234
            },
            "cv_score": 0.6259022565374666,
            "cv_score_sd": 0.07285201394713363
         },
         {
            "method": "GradientBoostingClassifier",
            "params": {
               "learning_rate": 0.2,
               "max_depth": 7,
               "max_features": "sqrt",
               "n_estimators": 100,
               "random_state": 1234
            },
            "cv_score": 0.6409182821253917,
            "cv_score_sd": 0.06912801371178463
         }
      ],
      "best_method": {
         "method": "SVC",
         "params": {
            "C": 1000,
            "gamma": 0.001,
            "kernel": "rbf",
            "random_state": 1234
         },
         "cv_score": 0.6677118788893796,
         "cv_score_sd": 0.05411447019849556
      }
   }
}