{
   "bupa": {
      "all_models": [
         {
            "method": "SVC",
            "params": {
               "C": 1000,
               "gamma": 0.01,
               "kernel": "rbf",
               "random_state": 1234
            },
            "cv_score": 0.6376811594202898,
            "cv_score_sd": 0.051034251772924664
         },
         {
            "method": "KNeighborsClassifier",
            "params": {
               "n_jobs": -1,
               "n_neighbors": 11
            },
            "cv_score": 0.5797101449275364,
            "cv_score_sd": 0.05020437123388047
         },
         {
            "method": "RandomForestClassifier",
            "params": {
               "max_depth": 5,
               "max_features": null,
               "n_estimators": 500,
               "random_state": 1234
            },
            "cv_score": 0.6376811594202898,
            "cv_score_sd": 0.05499613322031963
         },
         {
            "method": "GradientBoostingClassifier",
            "params": {
               "learning_rate": 0.1,
               "max_depth": 3,
               "max_features": "sqrt",
               "n_estimators": 100,
               "random_state": 1234
            },
            "cv_score": 0.6057971014492753,
            "cv_score_sd": 0.06698098555531212
         }
      ],
      "best_method": {
         "method": "SVC",
         "params": {
            "C": 1000,
            "gamma": 0.01,
            "kernel": "rbf",
            "random_state": 1234
         },
         "cv_score": 0.6376811594202898,
         "cv_score_sd": 0.051034251772924664
      }
   }
}