{
   "cod-rna": {
      "all_models": [
         {
            "method": "SVC",
            "params": {
               "C": 1000,
               "gamma": 0.001,
               "kernel": "rbf",
               "random_state": 1234
            },
            "cv_score": 0.9426387839086253,
            "cv_score_sd": 0.026877309462009467
         },
         {
            "method": "KNeighborsClassifier",
            "params": {
               "n_jobs": -1,
               "n_neighbors": 11
            },
            "cv_score": 0.8958259847148737,
            "cv_score_sd": 0.030023273591085076
         },
         {
            "method": "RandomForestClassifier",
            "params": {
               "max_depth": null,
               "max_features": null,
               "n_estimators": 300,
               "random_state": 1234
            },
            "cv_score": 0.9216091374821535,
            "cv_score_sd": 0.04034818966906454
         },
         {
            "method": "GradientBoostingClassifier",
            "params": {
               "learning_rate": 0.2,
               "max_depth": 3,
               "max_features": null,
               "n_estimators": 100,
               "random_state": 1234
            },
            "cv_score": 0.9272864701436131,
            "cv_score_sd": 0.03054626635141399
         }
      ],
      "best_method": {
         "method": "SVC",
         "params": {
            "C": 1000,
            "gamma": 0.001,
            "kernel": "rbf",
            "random_state": 1234
         },
         "cv_score": 0.9426387839086253,
         "cv_score_sd": 0.026877309462009467
      }
   }
}