{
   "vehicle3": {
      "all_models": [
         {
            "method": "SVC",
            "params": {
               "C": 1000,
               "gamma": 0.01,
               "kernel": "rbf",
               "random_state": 1234
            },
            "cv_score": 0.8640306300034807,
            "cv_score_sd": 0.025528658831727565
         },
         {
            "method": "KNeighborsClassifier",
            "params": {
               "n_jobs": -1,
               "n_neighbors": 5
            },
            "cv_score": 0.7801044204664114,
            "cv_score_sd": 0.01604979669926181
         },
         {
            "method": "RandomForestClassifier",
            "params": {
               "max_depth": 5,
               "max_features": "sqrt",
               "n_estimators": 500,
               "random_state": 1234
            },
            "cv_score": 0.7943195266272189,
            "cv_score_sd": 0.016557900527709075
         },
         {
            "method": "GradientBoostingClassifier",
            "params": {
               "learning_rate": 0.1,
               "max_depth": 3,
               "max_features": "sqrt",
               "n_estimators": 500,
               "random_state": 1234
            },
            "cv_score": 0.8002158022972503,
            "cv_score_sd": 0.01584380239538871
         }
      ],
      "best_method": {
         "method": "SVC",
         "params": {
            "C": 1000,
            "gamma": 0.01,
            "kernel": "rbf",
            "random_state": 1234
         },
         "cv_score": 0.8640306300034807,
         "cv_score_sd": 0.025528658831727565
      }
   }
}