{
   "vehicle1": {
      "all_models": [
         {
            "method": "SVC",
            "params": {
               "C": 100,
               "gamma": 0.01,
               "kernel": "rbf",
               "random_state": 1234
            },
            "cv_score": 0.8640654368256179,
            "cv_score_sd": 0.017950490676649486
         },
         {
            "method": "KNeighborsClassifier",
            "params": {
               "n_jobs": -1,
               "n_neighbors": 3
            },
            "cv_score": 0.7671005917159763,
            "cv_score_sd": 0.02416520524137319
         },
         {
            "method": "RandomForestClassifier",
            "params": {
               "max_depth": 10,
               "max_features": null,
               "n_estimators": 100,
               "random_state": 1234
            },
            "cv_score": 0.796665506439262,
            "cv_score_sd": 0.01724455729553322
         },
         {
            "method": "GradientBoostingClassifier",
            "params": {
               "learning_rate": 0.3,
               "max_depth": 3,
               "max_features": null,
               "n_estimators": 100,
               "random_state": 1234
            },
            "cv_score": 0.8132474765053951,
            "cv_score_sd": 0.016459197787671673
         }
      ],
      "best_method": {
         "method": "SVC",
         "params": {
            "C": 100,
            "gamma": 0.01,
            "kernel": "rbf",
            "random_state": 1234
         },
         "cv_score": 0.8640654368256179,
         "cv_score_sd": 0.017950490676649486
      }
   }
}