{
   "vehicle0": {
      "all_models": [
         {
            "method": "SVC",
            "params": {
               "C": 100,
               "gamma": 0.01,
               "kernel": "rbf",
               "random_state": 1234
            },
            "cv_score": 0.9858057779324747,
            "cv_score_sd": 0.008033619647491861
         },
         {
            "method": "KNeighborsClassifier",
            "params": {
               "n_jobs": -1,
               "n_neighbors": 5
            },
            "cv_score": 0.9479846849982596,
            "cv_score_sd": 0.010206737235259554
         },
         {
            "method": "RandomForestClassifier",
            "params": {
               "max_depth": 10,
               "max_features": "sqrt",
               "n_estimators": 100,
               "random_state": 1234
            },
            "cv_score": 0.9739923424991298,
            "cv_score_sd": 0.006045511156782495
         },
         {
            "method": "GradientBoostingClassifier",
            "params": {
               "learning_rate": 0.2,
               "max_depth": 5,
               "max_features": "sqrt",
               "n_estimators": 300,
               "random_state": 1234
            },
            "cv_score": 0.9787191089453533,
            "cv_score_sd": 0.008035766832355665
         }
      ],
      "best_method": {
         "method": "SVC",
         "params": {
            "C": 100,
            "gamma": 0.01,
            "kernel": "rbf",
            "random_state": 1234
         },
         "cv_score": 0.9858057779324747,
         "cv_score_sd": 0.008033619647491861
      }
   }
}