{
   "w2a": {
      "all_models": [
         {
            "method": "SVC",
            "params": {
               "C": 1,
               "gamma": 0.0001,
               "kernel": "rbf",
               "random_state": 1234
            },
            "cv_score": 0.9717579250720461,
            "cv_score_sd": 0.0028236193000382406
         },
         {
            "method": "KNeighborsClassifier",
            "params": {
               "n_jobs": -1,
               "n_neighbors": 11
            },
            "cv_score": 0.9478386167146974,
            "cv_score_sd": 0.043832464609950064
         },
         {
            "method": "RandomForestClassifier",
            "params": {
               "max_depth": 5,
               "max_features": "sqrt",
               "n_estimators": 100,
               "random_state": 1234
            },
            "cv_score": 0.9700288184438041,
            "cv_score_sd": 0.002117714475028679
         },
         {
            "method": "GradientBoostingClassifier",
            "params": {
               "learning_rate": 0.3,
               "max_depth": 5,
               "max_features": null,
               "n_estimators": 300,
               "random_state": 1234
            },
            "cv_score": 0.9697406340057636,
            "cv_score_sd": 0.004556596052115823
         }
      ],
      "best_method": {
         "method": "SVC",
         "params": {
            "C": 1,
            "gamma": 0.0001,
            "kernel": "rbf",
            "random_state": 1234
         },
         "cv_score": 0.9717579250720461,
         "cv_score_sd": 0.0028236193000382406
      }
   }
}