{
   "w3a": {
      "all_models": [
         {
            "method": "SVC",
            "params": {
               "C": 10,
               "gamma": 0.001,
               "kernel": "rbf",
               "random_state": 1234
            },
            "cv_score": 0.9739425632908114,
            "cv_score_sd": 0.004479301345889716
         },
         {
            "method": "KNeighborsClassifier",
            "params": {
               "n_jobs": -1,
               "n_neighbors": 7
            },
            "cv_score": 0.9684460678789938,
            "cv_score_sd": 0.003071947981697672
         },
         {
            "method": "RandomForestClassifier",
            "params": {
               "max_depth": 5,
               "max_features": "sqrt",
               "n_estimators": 100,
               "random_state": 1234
            },
            "cv_score": 0.9708877806622978,
            "cv_score_sd": 0.0004891889916047848
         },
         {
            "method": "GradientBoostingClassifier",
            "params": {
               "learning_rate": 0.1,
               "max_depth": 3,
               "max_features": "log2",
               "n_estimators": 300,
               "random_state": 1234
            },
            "cv_score": 0.9690585161596428,
            "cv_score_sd": 0.007141752491206144
         }
      ],
      "best_method": {
         "method": "SVC",
         "params": {
            "C": 10,
            "gamma": 0.001,
            "kernel": "rbf",
            "random_state": 1234
         },
         "cv_score": 0.9739425632908114,
         "cv_score_sd": 0.004479301345889716
      }
   }
}