{
   "w4a": {
      "all_models": [
         {
            "method": "SVC",
            "params": {
               "C": 1,
               "gamma": 0.001,
               "kernel": "rbf",
               "random_state": 1234
            },
            "cv_score": 0.9709493635322739,
            "cv_score_sd": 0.006970987040231646
         },
         {
            "method": "KNeighborsClassifier",
            "params": {
               "n_jobs": -1,
               "n_neighbors": 11
            },
            "cv_score": 0.9660619325148007,
            "cv_score_sd": 0.006399858970080883
         },
         {
            "method": "RandomForestClassifier",
            "params": {
               "max_depth": 5,
               "max_features": "sqrt",
               "n_estimators": 100,
               "random_state": 1234
            },
            "cv_score": 0.9706761508141574,
            "cv_score_sd": 0.0002634485414070298
         },
         {
            "method": "GradientBoostingClassifier",
            "params": {
               "learning_rate": 0.2,
               "max_depth": 3,
               "max_features": "log2",
               "n_estimators": 100,
               "random_state": 1234
            },
            "cv_score": 0.9682346460624114,
            "cv_score_sd": 0.008514388707001818
         }
      ],
      "best_method": {
         "method": "SVC",
         "params": {
            "C": 1,
            "gamma": 0.001,
            "kernel": "rbf",
            "random_state": 1234
         },
         "cv_score": 0.9709493635322739,
         "cv_score_sd": 0.006970987040231646
      }
   }
}