{
   "w5a": {
      "all_models": [
         {
            "method": "SVC",
            "params": {
               "C": 1,
               "gamma": 0.001,
               "kernel": "rbf",
               "random_state": 1234
            },
            "cv_score": 0.9718857866475592,
            "cv_score_sd": 0.004745538952754478
         },
         {
            "method": "KNeighborsClassifier",
            "params": {
               "n_jobs": -1,
               "n_neighbors": 11
            },
            "cv_score": 0.9670316322235536,
            "cv_score_sd": 0.0047307504109513
         },
         {
            "method": "RandomForestClassifier",
            "params": {
               "max_depth": 5,
               "max_features": null,
               "n_estimators": 100,
               "random_state": 1234
            },
            "cv_score": 0.9703680290990475,
            "cv_score_sd": 0.0013053707788547473
         },
         {
            "method": "GradientBoostingClassifier",
            "params": {
               "learning_rate": 0.1,
               "max_depth": 7,
               "max_features": "log2",
               "n_estimators": 100,
               "random_state": 1234
            },
            "cv_score": 0.9699642961805965,
            "cv_score_sd": 0.006135774020959652
         }
      ],
      "best_method": {
         "method": "SVC",
         "params": {
            "C": 1,
            "gamma": 0.001,
            "kernel": "rbf",
            "random_state": 1234
         },
         "cv_score": 0.9718857866475592,
         "cv_score_sd": 0.004745538952754478
      }
   }
}