{
   "w6a": {
      "all_models": [
         {
            "method": "SVC",
            "params": {
               "C": 1,
               "gamma": 0.001,
               "kernel": "rbf",
               "random_state": 1234
            },
            "cv_score": 0.9737610572961017,
            "cv_score_sd": 0.006584121224095896
         },
         {
            "method": "KNeighborsClassifier",
            "params": {
               "n_jobs": -1,
               "n_neighbors": 11
            },
            "cv_score": 0.9643944190814026,
            "cv_score_sd": 0.010220050701459905
         },
         {
            "method": "RandomForestClassifier",
            "params": {
               "max_depth": 10,
               "max_features": null,
               "n_estimators": 100,
               "random_state": 1234
            },
            "cv_score": 0.9699208879586567,
            "cv_score_sd": 0.0024236649355550434
         },
         {
            "method": "GradientBoostingClassifier",
            "params": {
               "learning_rate": 0.1,
               "max_depth": 7,
               "max_features": "log2",
               "n_estimators": 100,
               "random_state": 1234
            },
            "cv_score": 0.9711430023646784,
            "cv_score_sd": 0.00816061369905055
         }
      ],
      "best_method": {
         "method": "SVC",
         "params": {
            "C": 1,
            "gamma": 0.001,
            "kernel": "rbf",
            "random_state": 1234
         },
         "cv_score": 0.9737610572961017,
         "cv_score_sd": 0.006584121224095896
      }
   }
}