{
   "w7a": {
      "all_models": [
         {
            "method": "SVC",
            "params": {
               "C": 1,
               "gamma": 0.001,
               "kernel": "rbf",
               "random_state": 1234
            },
            "cv_score": 0.9736354525617557,
            "cv_score_sd": 0.005789018512810766
         },
         {
            "method": "KNeighborsClassifier",
            "params": {
               "n_jobs": -1,
               "n_neighbors": 11
            },
            "cv_score": 0.9611624803567477,
            "cv_score_sd": 0.01108668872309253
         },
         {
            "method": "RandomForestClassifier",
            "params": {
               "max_depth": 10,
               "max_features": null,
               "n_estimators": 100,
               "random_state": 1234
            },
            "cv_score": 0.9697069414946593,
            "cv_score_sd": 0.0025128587701556833
         },
         {
            "method": "GradientBoostingClassifier",
            "params": {
               "learning_rate": 0.1,
               "max_depth": 5,
               "max_features": "sqrt",
               "n_estimators": 100,
               "random_state": 1234
            },
            "cv_score": 0.9712056223225908,
            "cv_score_sd": 0.006167169763784941
         }
      ],
      "best_method": {
         "method": "SVC",
         "params": {
            "C": 1,
            "gamma": 0.001,
            "kernel": "rbf",
            "random_state": 1234
         },
         "cv_score": 0.9736354525617557,
         "cv_score_sd": 0.005789018512810766
      }
   }
}