{
   "a9a": {
      "1": {
         "folds": {
            "kdn": {
               "global": [
                  0.18938114250614252,
                  0.1888748128527007,
                  0.19094782909132788,
                  0.19179239126262046,
                  0.1930976237091635
               ],
               "class 0": [
                  0.12818567961165048,
                  0.1300566343042071,
                  0.13162419093851133,
                  0.13066343042071196,
                  0.13319174757281554
               ],
               "class 1": [
                  0.3823341836734694,
                  0.3743025665550773,
                  0.3779690738083851,
                  0.38450502152080346,
                  0.3819544077793719
               ]
            },
            "ddn": {
               "global": [
                  0.21259213759213758,
                  0.21127336941917152,
                  0.2129452186264348,
                  0.21481707551153592,
                  0.21524242773235056
               ],
               "class 0": [
                  0.14481745550161812,
                  0.14567303802588996,
                  0.14664492313915856,
                  0.14620449029126212,
                  0.14759911003236245
               ],
               "class 1": [
                  0.42628985969387756,
                  0.4180822572931612,
                  0.4219607843137255,
                  0.4311222700462298,
                  0.4284919496253787
               ]
            }
         },
         "mean_folds": {
            "kdn": {
               "global": 0.190818759884391,
               "class 0": 0.1307443365695793,
               "class 1": 0.38021305066742145
            },
            "ddn": {
               "global": 0.21337404577632607,
               "class 0": 0.14618780339805826,
               "class 1": 0.42518942419447453
            }
         },
         "global": {
            "kdn": {
               "global": 0.18878412825158933,
               "class 0": 0.12949029126213593,
               "class 1": 0.3757173829868639
            },
            "ddn": {
               "global": 0.21241577347133073,
               "class 0": 0.1454190938511327,
               "class 1": 0.423633465119245
            }
         }
      },
      "2": {
         "folds": {
            "kdn": {
               "global": [
                  0.19732800982800983,
                  0.2003339859495566,
                  0.20252216975699644,
                  0.20163921839609966,
                  0.20319398057507007
               ],
               "class 0": [
                  0.1341019417475728,
                  0.13880461165048544,
                  0.14044801779935276,
                  0.1397653721682848,
                  0.14052386731391586
               ],
               "class 1": [
                  0.39668367346938777,
                  0.3943089430894309,
                  0.39821457038099795,
                  0.396700143472023,
                  0.40076518412242945
               ]
            },
            "ddn": {
               "global": [
                  0.21354115479115482,
                  0.21437636761487966,
                  0.21485009021459558,
                  0.21618257898575763,
                  0.21624745671618875
               ],
               "class 0": [
                  0.14574635922330098,
                  0.1474438713592233,
                  0.14731088187702265,
                  0.14769923139158578,
                  0.14811134708737864
               ],
               "class 1": [
                  0.4273022959183673,
                  0.42538498326159735,
                  0.42777140124342417,
                  0.4320803443328551,
                  0.43105053403475213
               ]
            }
         },
         "mean_folds": {
            "kdn": {
               "global": 0.2010034729011465,
               "class 0": 0.13872876213592233,
               "class 1": 0.3973345029068538
            },
            "ddn": {
               "global": 0.21503952966451528,
               "class 0": 0.14726233818770226,
               "class 1": 0.42871791175819923
            }
         },
         "global": {
            "kdn": {
               "global": 0.20016277141365438,
               "class 0": 0.13865291262135923,
               "class 1": 0.3940823874505803
            },
            "ddn": {
               "global": 0.2143954424004177,
               "class 0": 0.14675040453074434,
               "class 1": 0.427657186583344
            }
         }
      },
      "3": {
         "folds": {
            "kdn": {
               "global": [
                  0.20356009418509413,
                  0.20389778238448053,
                  0.20646985808796245,
                  0.206636211242914,
                  0.20785186891371388
               ],
               "class 0": [
                  0.13929341963322545,
                  0.14146777238403452,
                  0.14224312297734626,
                  0.14209142394822005,
                  0.14310275080906149
               ],
               "class 1": [
                  0.40619685374149656,
                  0.4007120463361496,
                  0.4089484032095223,
                  0.41011743450767846,
                  0.4119772570274722
               ]
            },
            "ddn": {
               "global": [
                  0.21571828931203935,
                  0.2165937272064187,
                  0.2182014664670429,
                  0.2184955276594111,
                  0.21809781565511155
               ],
               "class 0": [
                  0.14823927993527508,
                  0.14941343042071195,
                  0.15053853155339805,
                  0.14974312297734627,
                  0.14933505258899676
               ],
               "class 1": [
                  0.4284837372448979,
                  0.4283835485413678,
                  0.4315128327753866,
                  0.4352415112386418,
                  0.4348764546468994
               ]
            }
         },
         "mean_folds": {
            "kdn": {
               "global": 0.20568316296283298,
               "class 0": 0.14163969795037756,
               "class 1": 0.40759039896446375
            },
            "ddn": {
               "global": 0.2174213652600047,
               "class 0": 0.14945388349514563,
               "class 1": 0.4316996168894387
            }
         },
         "global": {
            "kdn": {
               "global": 0.20437537749659612,
               "class 0": 0.14048004314994605,
               "class 1": 0.40581558474684354
            },
            "ddn": {
               "global": 0.21652805503516476,
               "class 0": 0.14862176375404532,
               "class 1": 0.43061344216298936
            }
         }
      },
      "4": {
         "folds": {
            "kdn": {
               "global": [
                  0.20759751228501228,
                  0.20762793197435603,
                  0.21043034281546316,
                  0.21005604821682214,
                  0.21091020768551577
               ],
               "class 0": [
                  0.1423948220064725,
                  0.14388652912621358,
                  0.14578276699029127,
                  0.14497370550161812,
                  0.14577012540453074
               ],
               "class 1": [
                  0.41318558673469385,
                  0.40857643870556354,
                  0.41423561294436473,
                  0.4152319464371114,
                  0.41626813326956796
               ]
            },
            "ddn": {
               "global": [
                  0.2179050214987715,
                  0.21908902453069215,
                  0.22002764021651502,
                  0.22108142347115056,
                  0.22063457330415756
               ],