{
   "appendicitis": {
      "1": {
         "folds": {
            "kdn": {
               "global": [
                  0.16666666666666666,
                  0.2235294117647059,
                  0.2,
                  0.17647058823529413,
                  0.17647058823529413
               ],
               "class 0": [
                  0.11764705882352941,
                  0.17647058823529413,
                  0.16176470588235295,
                  0.10294117647058823,
                  0.10294117647058823
               ],
               "class 1": [
                  0.375,
                  0.4117647058823529,
                  0.35294117647058826,
                  0.47058823529411764,
                  0.47058823529411764
               ]
            },
            "ddn": {
               "global": [
                  0.16666666666666666,
                  0.2235294117647059,
                  0.2,
                  0.17647058823529413,
                  0.17647058823529413
               ],
               "class 0": [
                  0.11764705882352941,
                  0.17647058823529413,
                  0.16176470588235295,
                  0.10294117647058823,
                  0.10294117647058823
               ],
               "class 1": [
                  0.375,
                  0.4117647058823529,
                  0.35294117647058826,
                  0.47058823529411764,
                  0.47058823529411764
               ]
            }
         },
         "mean_folds": {
            "kdn": {
               "global": 0.1886274509803922,
               "class 0": 0.1323529411764706,
               "class 1": 0.4161764705882353
            },
            "ddn": {
               "global": 0.1886274509803922,
               "class 0": 0.1323529411764706,
               "class 1": 0.4161764705882353
            }
         },
         "global": {
            "kdn": {
               "global": 0.18867924528301888,
               "class 0": 0.1411764705882353,
               "class 1": 0.38095238095238093
            },
            "ddn": {
               "global": 0.18867924528301888,
               "class 0": 0.1411764705882353,
               "class 1": 0.38095238095238093
            }
         }
      },
      "2": {
         "folds": {
            "kdn": {
               "global": [
                  0.17261904761904762,
                  0.20588235294117646,
                  0.17647058823529413,
                  0.21176470588235294,
                  0.18235294117647058
               ],
               "class 0": [
                  0.11764705882352941,
                  0.13970588235294118,
                  0.125,
                  0.14705882352941177,
                  0.11029411764705882
               ],
               "class 1": [
                  0.40625,
                  0.47058823529411764,
                  0.38235294117647056,
                  0.47058823529411764,
                  0.47058823529411764
               ]
            },
            "ddn": {
               "global": [
                  0.1788095238095238,
                  0.20658823529411763,
                  0.1932941176470588,
                  0.20682352941176468,
                  0.1872941176470588
               ],
               "class 0": [
                  0.11470588235294117,
                  0.14205882352941177,
                  0.1386764705882353,
                  0.13044117647058825,
                  0.11926470588235294
               ],
               "class 1": [
                  0.45125,
                  0.4647058823529412,
                  0.4117647058823529,
                  0.5123529411764707,
                  0.4594117647058824
               ]
            }
         },
         "mean_folds": {
            "kdn": {
               "global": 0.18981792717086837,
               "class 0": 0.12794117647058822,
               "class 1": 0.44007352941176475
            },
            "ddn": {
               "global": 0.19456190476190477,
               "class 0": 0.1290294117647059,
               "class 1": 0.4598970588235295
            }
         },
         "global": {
            "kdn": {
               "global": 0.18396226415094338,
               "class 0": 0.12352941176470589,
               "class 1": 0.42857142857142855
            },
            "ddn": {
               "global": 0.18924528301886795,
               "class 0": 0.12564705882352942,
               "class 1": 0.4466666666666666
            }
         }
      },
      "3": {
         "folds": {
            "kdn": {
               "global": [
                  0.18253968253968253,
                  0.2156862745098039,
                  0.18431372549019606,
                  0.2235294117647059,
                  0.17647058823529413
               ],
               "class 0": [
                  0.12254901960784312,
                  0.14705882352941177,
                  0.1323529411764706,
                  0.15196078431372548,
                  0.10784313725490194
               ],
               "class 1": [
                  0.43749999999999994,
                  0.4901960784313726,
                  0.392156862745098,
                  0.5098039215686274,
                  0.45098039215686275
               ]
            },
            "ddn": {
               "global": [
                  0.18214285714285716,
                  0.2409411764705882,
                  0.19729411764705881,
                  0.22223529411764706,
                  0.19494117647058823
               ],
               "class 0": [
                  0.11514705882352941,
                  0.17279411764705882,
                  0.13794117647058823,
                  0.1452941176470588,
                  0.1263235294117647
               ],
               "class 1": [
                  0.466875,
                  0.5135294117647059,
                  0.4347058823529412,
                  0.53,
                  0.46941176470588236
               ]
            }
         },
         "mean_folds": {
            "kdn": {
               "global": 0.1965079365079365,
               "class 0": 0.1323529411764706,
               "class 1": 0.4561274509803922
            },
            "ddn": {
               "global": 0.20751092436974788,
               "class 0": 0.1395,
               "class 1": 0.4829044117647059
            }
         },
         "global": {
            "kdn": {
               "global": 0.18867924528301888,
               "class 0": 0.12549019607843137,
               "class 1": 0.44444444444444436
            },
            "ddn": {
               "global": 0.20867924528301884,
               "class 0": 0.14435294117647057,
               "class 1": 0.46904761904761905
            }
         }
      },
      "4": {
         "folds": {
            "kdn": {
               "global": [
                  0.17857142857142858,
                  0.2235294117647059,
                  0.2,
                  0.2235294117647059,
                  0.17941176470588235
               ],
               "class 0": [
                  0.11764705882352941,
                  0.15441176470588236,
                  0.13970588235294118,
                  0.15073529411764705,
                  0.11029411764705882
               ],
               "class 1": [
                  0.4375,
                  0.5,
                  0.4411764705882353,
                  0.5147058823529411,
                  0.45588235294117646
               ]
            },
            "ddn": {
               "global": [
                  0.19190476190476188,
                  0.23129411764705882,
                  0.2056470588235294,
                  0.2218823529411765,
                  0.18976470588235292
               ],