{
   "australian": {
      "1": {
         "folds": {
            "kdn": {
               "global": [
                  0.21557971014492755,
                  0.19384057971014493,
                  0.21739130434782608,
                  0.19021739130434784,
                  0.21557971014492755
               ],
               "class 0": [
                  0.19281045751633988,
                  0.1568627450980392,
                  0.18627450980392157,
                  0.16612377850162866,
                  0.1791530944625407
               ],
               "class 1": [
                  0.24390243902439024,
                  0.23983739837398374,
                  0.25609756097560976,
                  0.22040816326530613,
                  0.2612244897959184
               ]
            },
            "ddn": {
               "global": [
                  0.21467391304347827,
                  0.19384057971014493,
                  0.2164855072463768,
                  0.18931159420289856,
                  0.21557971014492755
               ],
               "class 0": [
                  0.19281045751633988,
                  0.1568627450980392,
                  0.18627450980392157,
                  0.16612377850162866,
                  0.1791530944625407
               ],
               "class 1": [
                  0.241869918699187,
                  0.23983739837398374,
                  0.2540650406504065,
                  0.21836734693877552,
                  0.2612244897959184
               ]
            }
         },
         "mean_folds": {
            "kdn": {
               "global": 0.20652173913043476,
               "class 0": 0.17624491707649398,
               "class 1": 0.24429401028704162
            },
            "ddn": {
               "global": 0.20597826086956522,
               "class 0": 0.17624491707649398,
               "class 1": 0.24307283889165424
            }
         },
         "global": {
            "kdn": {
               "global": 0.20144927536231885,
               "class 0": 0.17493472584856398,
               "class 1": 0.23452768729641693
            },
            "ddn": {
               "global": 0.20072463768115942,
               "class 0": 0.17493472584856398,
               "class 1": 0.23289902280130292
            }
         }
      },
      "2": {
         "folds": {
            "kdn": {
               "global": [
                  0.21739130434782608,
                  0.19384057971014493,
                  0.22282608695652173,
                  0.1793478260869565,
                  0.22282608695652173
               ],
               "class 0": [
                  0.184640522875817,
                  0.16013071895424835,
                  0.18627450980392157,
                  0.1563517915309446,
                  0.19218241042345277
               ],
               "class 1": [
                  0.258130081300813,
                  0.23577235772357724,
                  0.2682926829268293,
                  0.20816326530612245,
                  0.2612244897959184
               ]
            },
            "ddn": {
               "global": [
                  0.2190036231884058,
                  0.19925724637681158,
                  0.22336956521739132,
                  0.18320652173913043,
                  0.2215036231884058
               ],
               "class 0": [
                  0.1854248366013072,
                  0.1673202614379085,
                  0.18833333333333335,
                  0.15648208469055377,
                  0.1860912052117264
               ],
               "class 1": [
                  0.26077235772357726,
                  0.23898373983739835,
                  0.2669512195121951,
                  0.21669387755102043,
                  0.26587755102040816
               ]
            }
         },
         "mean_folds": {
            "kdn": {
               "global": 0.2072463768115942,
               "class 0": 0.17591599071767686,
               "class 1": 0.24631657541065208
            },
            "ddn": {
               "global": 0.20926811594202901,
               "class 0": 0.17673034425496587,
               "class 1": 0.24985574912891986
            }
         },
         "global": {
            "kdn": {
               "global": 0.20942028985507247,
               "class 0": 0.17362924281984335,
               "class 1": 0.254071661237785
            },
            "ddn": {
               "global": 0.20976811594202896,
               "class 0": 0.17631853785900783,
               "class 1": 0.25149837133550484
            }
         }
      },
      "3": {
         "folds": {
            "kdn": {
               "global": [
                  0.21014492753623185,
                  0.19504830917874397,
                  0.21618357487922701,
                  0.17391304347826086,
                  0.2185990338164251
               ],
               "class 0": [
                  0.17320261437908493,
                  0.1633986928104575,
                  0.18736383442265794,
                  0.1498371335504886,
                  0.18458197611292074
               ],
               "class 1": [
                  0.25609756097560976,
                  0.23441734417344173,
                  0.25203252032520324,
                  0.20408163265306123,
                  0.26122448979591834
               ]
            },
            "ddn": {
               "global": [
                  0.22405797101449274,
                  0.19954710144927534,
                  0.22532608695652173,
                  0.19782608695652174,
                  0.2216123188405797
               ],
               "class 0": [
                  0.18055555555555555,
                  0.17114379084967318,
                  0.19143790849673203,
                  0.1673615635179153,
                  0.18941368078175896
               ],
               "class 1": [
                  0.2781707317073171,
                  0.23487804878048782,
                  0.267479674796748,
                  0.236,
                  0.2619591836734694
               ]
            }
         },
         "mean_folds": {
            "kdn": {
               "global": 0.20277777777777778,
               "class 0": 0.17167685025512192,
               "class 1": 0.24157070958464688
            },
            "ddn": {
               "global": 0.21367391304347824,
               "class 0": 0.179982499840327,
               "class 1": 0.25569752779160443
            }
         },
         "global": {
            "kdn": {
               "global": 0.20434782608695654,
               "class 0": 0.17406440382941685,
               "class 1": 0.24212812160694897
            },
            "ddn": {
               "global": 0.21330434782608695,
               "class 0": 0.18073107049608356,
               "class 1": 0.25394136807817586
            }
         }
      },
      "4": {
         "folds": {
            "kdn": {
               "global": [
                  0.21014492753623187,
                  0.19927536231884058,
                  0.21603260869565216,
                  0.18342391304347827,
                  0.213768115942029
               ],
               "class 0": [
                  0.17320261437908496,
                  0.16993464052287582,
                  0.1854575163398693,
                  0.16368078175895764,
                  0.18322475570032573
               ],
               "class 1": [
                  0.25609756097560976,
                  0.23577235772357724,
                  0.2540650406504065,
                  0.20816326530612245,
                  0.25204081632653064
               ]
            },
            "ddn": {
               "global": [
                  0.23335144927536233,
                  0.20842391304347826,
                  0.23371376811594202,
                  0.20518115942028983,
                  0.22670289855072465
               ],