{
   "backache": {
      "1": {
         "folds": {
            "kdn": {
               "global": [
                  0.19444444444444445,
                  0.22916666666666666,
                  0.1875,
                  0.20833333333333334,
                  0.2152777777777778
               ],
               "class 0": [
                  0.0967741935483871,
                  0.13709677419354838,
                  0.10483870967741936,
                  0.12096774193548387,
                  0.12096774193548387
               ],
               "class 1": [
                  0.8,
                  0.8,
                  0.7,
                  0.75,
                  0.8
               ]
            },
            "ddn": {
               "global": [
                  0.19444444444444445,
                  0.22916666666666666,
                  0.1875,
                  0.20833333333333334,
                  0.2152777777777778
               ],
               "class 0": [
                  0.0967741935483871,
                  0.13709677419354838,
                  0.10483870967741936,
                  0.12096774193548387,
                  0.12096774193548387
               ],
               "class 1": [
                  0.8,
                  0.8,
                  0.7,
                  0.75,
                  0.8
               ]
            }
         },
         "mean_folds": {
            "kdn": {
               "global": 0.20694444444444446,
               "class 0": 0.11612903225806451,
               "class 1": 0.7699999999999999
            },
            "ddn": {
               "global": 0.20694444444444446,
               "class 0": 0.11612903225806451,
               "class 1": 0.7699999999999999
            }
         },
         "global": {
            "kdn": {
               "global": 0.21666666666666667,
               "class 0": 0.12258064516129032,
               "class 1": 0.8
            },
            "ddn": {
               "global": 0.21666666666666667,
               "class 0": 0.12258064516129032,
               "class 1": 0.8
            }
         }
      },
      "2": {
         "folds": {
            "kdn": {
               "global": [
                  0.19444444444444445,
                  0.2222222222222222,
                  0.21875,
                  0.2048611111111111,
                  0.21180555555555555
               ],
               "class 0": [
                  0.08870967741935484,
                  0.13306451612903225,
                  0.13709677419354838,
                  0.11693548387096774,
                  0.11693548387096774
               ],
               "class 1": [
                  0.85,
                  0.775,
                  0.725,
                  0.75,
                  0.8
               ]
            },
            "ddn": {
               "global": [
                  0.19458333333333336,
                  0.2204861111111111,
                  0.19958333333333333,
                  0.2064583333333333,
                  0.2079861111111111
               ],
               "class 0": [
                  0.09185483870967741,
                  0.12620967741935482,
                  0.10346774193548389,
                  0.10919354838709677,
                  0.1085483870967742
               ],
               "class 1": [
                  0.8314999999999999,
                  0.8049999999999999,
                  0.7955,
                  0.8094999999999999,
                  0.8244999999999999
               ]
            }
         },
         "mean_folds": {
            "kdn": {
               "global": 0.21041666666666664,
               "class 0": 0.1185483870967742,
               "class 1": 0.78
            },
            "ddn": {
               "global": 0.20581944444444442,
               "class 0": 0.10785483870967742,
               "class 1": 0.8131999999999999
            }
         },
         "global": {
            "kdn": {
               "global": 0.21388888888888888,
               "class 0": 0.12258064516129032,
               "class 1": 0.78
            },
            "ddn": {
               "global": 0.21322222222222223,
               "class 0": 0.11658064516129032,
               "class 1": 0.8123999999999998
            }
         }
      },
      "3": {
         "folds": {
            "kdn": {
               "global": [
                  0.1875,
                  0.2060185185185185,
                  0.2037037037037037,
                  0.2060185185185185,
                  0.21990740740740738
               ],
               "class 0": [
                  0.08064516129032256,
                  0.11290322580645161,
                  0.11290322580645161,
                  0.11559139784946237,
                  0.12365591397849461
               ],
               "class 1": [
                  0.85,
                  0.7833333333333333,
                  0.7666666666666666,
                  0.7666666666666667,
                  0.8166666666666667
               ]
            },
            "ddn": {
               "global": [
                  0.1897222222222222,
                  0.20854166666666668,
                  0.1954861111111111,
                  0.20104166666666667,
                  0.19868055555555555
               ],
               "class 0": [
                  0.08419354838709676,
                  0.11137096774193547,
                  0.09346774193548384,
                  0.10233870967741937,
                  0.0981451612903226
               ],
               "class 1": [
                  0.844,
                  0.8109999999999999,
                  0.828,
                  0.813,
                  0.8220000000000001
               ]
            }
         },
         "mean_folds": {
            "kdn": {
               "global": 0.20462962962962963,
               "class 0": 0.10913978494623655,
               "class 1": 0.7966666666666666
            },
            "ddn": {
               "global": 0.19869444444444445,
               "class 0": 0.09790322580645161,
               "class 1": 0.8235999999999999
            }
         },
         "global": {
            "kdn": {
               "global": 0.2092592592592592,
               "class 0": 0.11612903225806452,
               "class 1": 0.7866666666666666
            },
            "ddn": {
               "global": 0.20450000000000002,
               "class 0": 0.10290322580645161,
               "class 1": 0.8344
            }
         }
      },
      "4": {
         "folds": {
            "kdn": {
               "global": [
                  0.17708333333333334,
                  0.2013888888888889,
                  0.2013888888888889,
                  0.2048611111111111,
                  0.2222222222222222
               ],
               "class 0": [
                  0.07459677419354839,
                  0.11088709677419355,
                  0.10685483870967742,
                  0.11693548387096774,
                  0.12701612903225806
               ],
               "class 1": [
                  0.8125,
                  0.7625,
                  0.7875,
                  0.75,
                  0.8125
               ]
            },
            "ddn": {
               "global": [
                  0.18805555555555553,
                  0.20006944444444447,
                  0.1957638888888889,
                  0.19368055555555555,
                  0.19756944444444444
               ],
               "class 0": [
                  0.08064516129032259,
                  0.10201612903225808,
                  0.09306451612903226,
                  0.09903225806451614,
                  0.0988709677419355
               ],
               "class 1": [
                  0.8540000000000001,
                  0.808,
                  0.8324999999999999,
                  0.7805,
                  0.8095000000000001
               ]
            }
         },