{
   "banknote": {
      "1": {
         "folds": {
            "kdn": {
               "global": [
                  0.0018231540565177757,
                  0.0018231540565177757,
                  0.0018214936247723133,
                  0.00273224043715847,
                  0.0018214936247723133
               ],
               "class 0": [
                  0.003284072249589491,
                  0.003284072249589491,
                  0.003278688524590164,
                  0.004918032786885246,
                  0.003278688524590164
               ],
               "class 1": [
                  0.0,
                  0.0,
                  0.0,
                  0.0,
                  0.0
               ]
            },
            "ddn": {
               "global": [
                  0.0018231540565177757,
                  0.0018231540565177757,
                  0.0018214936247723133,
                  0.00273224043715847,
                  0.0018214936247723133
               ],
               "class 0": [
                  0.003284072249589491,
                  0.003284072249589491,
                  0.003278688524590164,
                  0.004918032786885246,
                  0.003278688524590164
               ],
               "class 1": [
                  0.0,
                  0.0,
                  0.0,
                  0.0,
                  0.0
               ]
            }
         },
         "mean_folds": {
            "kdn": {
               "global": 0.00200430715994773,
               "class 0": 0.0036087108670489116,
               "class 1": 0.0
            },
            "ddn": {
               "global": 0.00200430715994773,
               "class 0": 0.0036087108670489116,
               "class 1": 0.0
            }
         },
         "global": {
            "kdn": {
               "global": 0.002186588921282799,
               "class 0": 0.003937007874015748,
               "class 1": 0.0
            },
            "ddn": {
               "global": 0.002186588921282799,
               "class 0": 0.003937007874015748,
               "class 1": 0.0
            }
         }
      },
      "2": {
         "folds": {
            "kdn": {
               "global": [
                  0.0018231540565177757,
                  0.0022789425706472195,
                  0.001366120218579235,
                  0.002276867030965392,
                  0.001366120218579235
               ],
               "class 0": [
                  0.003284072249589491,
                  0.004105090311986864,
                  0.002459016393442623,
                  0.004098360655737705,
                  0.002459016393442623
               ],
               "class 1": [
                  0.0,
                  0.0,
                  0.0,
                  0.0,
                  0.0
               ]
            },
            "ddn": {
               "global": [
                  0.0016681859617137646,
                  0.002251595259799453,
                  0.0008561020036429874,
                  0.0021311475409836063,
                  0.0017759562841530054
               ],
               "class 0": [
                  0.003004926108374384,
                  0.004055829228243022,
                  0.0014918032786885248,
                  0.0038360655737704917,
                  0.0031967213114754097
               ],
               "class 1": [
                  0.0,
                  0.0,
                  6.147540983606563e-05,
                  0.0,
                  0.0
               ]
            }
         },
         "mean_folds": {
            "kdn": {
               "global": 0.0018222408190577712,
               "class 0": 0.003281111200839861,
               "class 1": 0.0
            },
            "ddn": {
               "global": 0.0017365974100585634,
               "class 0": 0.0031170691001103663,
               "class 1": 1.2295081967213126e-05
            }
         },
         "global": {
            "kdn": {
               "global": 0.0018221574344023323,
               "class 0": 0.0032808398950131233,
               "class 1": 0.0
            },
            "ddn": {
               "global": 0.001545189504373178,
               "class 0": 0.002782152230971128,
               "class 1": 0.0
            }
         }
      },
      "3": {
         "folds": {
            "kdn": {
               "global": [
                  0.0018231540565177757,
                  0.002127013065937405,
                  0.001214329083181542,
                  0.002125075895567699,
                  0.0015179113539769277
               ],
               "class 0": [
                  0.003284072249589491,
                  0.003831417624521072,
                  0.002185792349726776,
                  0.0038251366120218584,
                  0.0027322404371584695
               ],
               "class 1": [
                  0.0,
                  0.0,
                  0.0,
                  0.0,
                  0.0
               ]
            },
            "ddn": {
               "global": [
                  0.0045123062898814945,
                  0.004731084776663628,
                  0.003515482695810565,
                  0.0036338797814207653,
                  0.003597449908925319
               ],
               "class 0": [
                  0.006863711001642037,
                  0.008078817733990148,
                  0.0052622950819672136,
                  0.0061639344262295085,
                  0.005950819672131148
               ],
               "class 1": [
                  0.0015778688524590164,
                  0.0005532786885245902,
                  0.0013319672131147544,
                  0.00047131147540983604,
                  0.0006557377049180327
               ]
            }
         },
         "mean_folds": {
            "kdn": {
               "global": 0.0017614966910362699,
               "class 0": 0.0031717318546035335,
               "class 1": 0.0
            },
            "ddn": {
               "global": 0.0039980406905403545,
               "class 0": 0.006463915583192011,
               "class 1": 0.000918032786885246
            }
         },
         "global": {
            "kdn": {
               "global": 0.0017006802721088433,
               "class 0": 0.0030621172353455816,
               "class 1": 0.0
            },
            "ddn": {
               "global": 0.0028352769679300294,
               "class 0": 0.004698162729658793,
               "class 1": 0.0005081967213114755
            }
         }
      },
      "4": {
         "folds": {
            "kdn": {
               "global": [
                  0.0018231540565177757,
                  0.0022789425706472195,
                  0.0009107468123861566,
                  0.002276867030965392,
                  0.0015938069216757742
               ],
               "class 0": [
                  0.003284072249589491,
                  0.004105090311986864,
                  0.001639344262295082,
                  0.004098360655737705,
                  0.0028688524590163933
               ],
               "class 1": [
                  0.0,
                  0.0,
                  0.0,
                  0.0,
                  0.0
               ]
            },
            "ddn": {
               "global": [
                  0.007575205104831359,
                  0.006444849589790337,
                  0.006384335154826959,
                  0.007650273224043716,
                  0.00853369763205829
               ],
               "class 0": [
                  0.011018062397372743,
                  0.009310344827586206,
                  0.008475409836065574,
                  0.01122950819672131,
                  0.012032786885245901
               ],