{
   "breastcancer": {
      "1": {
         "folds": {
            "kdn": {
               "global": [
                  0.041758241758241756,
                  0.05274725274725275,
                  0.05714285714285714,
                  0.046153846153846156,
                  0.046052631578947366
               ],
               "class 0": [
                  0.024475524475524476,
                  0.024475524475524476,
                  0.0456140350877193,
                  0.03508771929824561,
                  0.03146853146853147
               ],
               "class 1": [
                  0.07100591715976332,
                  0.10059171597633136,
                  0.07647058823529412,
                  0.06470588235294118,
                  0.07058823529411765
               ]
            },
            "ddn": {
               "global": [
                  0.041758241758241756,
                  0.05274725274725275,
                  0.05714285714285714,
                  0.046153846153846156,
                  0.046052631578947366
               ],
               "class 0": [
                  0.024475524475524476,
                  0.024475524475524476,
                  0.0456140350877193,
                  0.03508771929824561,
                  0.03146853146853147
               ],
               "class 1": [
                  0.07100591715976332,
                  0.10059171597633136,
                  0.07647058823529412,
                  0.06470588235294118,
                  0.07058823529411765
               ]
            }
         },
         "mean_folds": {
            "kdn": {
               "global": 0.04877096587622903,
               "class 0": 0.03222426696110907,
               "class 1": 0.07667246780368953
            },
            "ddn": {
               "global": 0.04877096587622903,
               "class 0": 0.03222426696110907,
               "class 1": 0.07667246780368953
            }
         },
         "global": {
            "kdn": {
               "global": 0.0492091388400703,
               "class 0": 0.03361344537815126,
               "class 1": 0.07547169811320754
            },
            "ddn": {
               "global": 0.0492091388400703,
               "class 0": 0.03361344537815126,
               "class 1": 0.07547169811320754
            }
         }
      },
      "2": {
         "folds": {
            "kdn": {
               "global": [
                  0.05274725274725275,
                  0.04835164835164835,
                  0.051648351648351645,
                  0.04725274725274725,
                  0.046052631578947366
               ],
               "class 0": [
                  0.033216783216783216,
                  0.022727272727272728,
                  0.03508771929824561,
                  0.03508771929824561,
                  0.02972027972027972
               ],
               "class 1": [
                  0.08579881656804733,
                  0.09171597633136094,
                  0.07941176470588235,
                  0.06764705882352941,
                  0.07352941176470588
               ]
            },
            "ddn": {
               "global": [
                  0.06189010989010989,
                  0.06156043956043956,
                  0.06399999999999999,
                  0.05786813186813186,
                  0.0619078947368421
               ],
               "class 0": [
                  0.03716783216783216,
                  0.03513986013986014,
                  0.045228070175438596,
                  0.042736842105263156,
                  0.043041958041958046
               ],
               "class 1": [
                  0.10372781065088758,
                  0.10627218934911244,
                  0.09547058823529413,
                  0.08323529411764705,
                  0.0936470588235294
               ]
            }
         },
         "mean_folds": {
            "kdn": {
               "global": 0.049210526315789475,
               "class 0": 0.031167954852165374,
               "class 1": 0.07962060563870518
            },
            "ddn": {
               "global": 0.061445315211104676,
               "class 0": 0.04066291252607042,
               "class 1": 0.09647058823529413
            }
         },
         "global": {
            "kdn": {
               "global": 0.048330404217926184,
               "class 0": 0.029411764705882353,
               "class 1": 0.08018867924528301
            },
            "ddn": {
               "global": 0.05961335676625659,
               "class 0": 0.03890756302521008,
               "class 1": 0.09448113207547171
            }
         }
      },
      "3": {
         "folds": {
            "kdn": {
               "global": [
                  0.05421245421245421,
                  0.04908424908424908,
                  0.05494505494505494,
                  0.04835164835164835,
                  0.04678362573099414
               ],
               "class 0": [
                  0.03263403263403263,
                  0.02331002331002331,
                  0.039766081871345026,
                  0.0327485380116959,
                  0.03146853146853147
               ],
               "class 1": [
                  0.09072978303747534,
                  0.09270216962524655,
                  0.08039215686274509,
                  0.07450980392156861,
                  0.07254901960784313
               ]
            },
            "ddn": {
               "global": [
                  0.07461538461538463,
                  0.06894505494505494,
                  0.07345054945054945,
                  0.0681098901098901,
                  0.06986842105263158
               ],
               "class 0": [
                  0.04454545454545455,
                  0.038811188811188814,
                  0.047614035087719296,
                  0.043333333333333335,
                  0.0436013986013986
               ],
               "class 1": [
                  0.12550295857988167,
                  0.11994082840236686,
                  0.11676470588235295,
                  0.10964705882352942,
                  0.11405882352941177
               ]
            }
         },
         "mean_folds": {
            "kdn": {
               "global": 0.05067540646488015,
               "class 0": 0.031985441459125664,
               "class 1": 0.08217658661097574
            },
            "ddn": {
               "global": 0.07099786003470214,
               "class 0": 0.04358108207581892,
               "class 1": 0.11718287504350852
            }
         },
         "global": {
            "kdn": {
               "global": 0.0492091388400703,
               "class 0": 0.031746031746031744,
               "class 1": 0.07861635220125787
            },
            "ddn": {
               "global": 0.06717047451669596,
               "class 0": 0.04,
               "class 1": 0.11292452830188678
            }
         }
      },
      "4": {
         "folds": {
            "kdn": {
               "global": [
                  0.056593406593406594,
                  0.05384615384615385,
                  0.056593406593406594,
                  0.051648351648351645,
                  0.04824561403508772
               ],
               "class 0": [
                  0.03496503496503497,
                  0.026223776223776224,
                  0.03859649122807018,
                  0.034210526315789476,
                  0.032342657342657344
               ],
               "class 1": [
                  0.09319526627218935,
                  0.10059171597633136,
                  0.08676470588235294,
                  0.08088235294117647,
                  0.075
               ]
            },