{
   "bupa": {
      "1": {
         "folds": {
            "kdn": {
               "global": [
                  0.4492753623188406,
                  0.4782608695652174,
                  0.5181159420289855,
                  0.5181159420289855,
                  0.4601449275362319
               ],
               "class 0": [
                  0.41843971631205673,
                  0.45390070921985815,
                  0.5177304964539007,
                  0.46099290780141844,
                  0.4714285714285714
               ],
               "class 1": [
                  0.48148148148148145,
                  0.5037037037037037,
                  0.5185185185185185,
                  0.5777777777777777,
                  0.4485294117647059
               ]
            },
            "ddn": {
               "global": [
                  0.447463768115942,
                  0.47644927536231885,
                  0.5211231884057971,
                  0.5163043478260869,
                  0.4601449275362319
               ],
               "class 0": [
                  0.41843971631205673,
                  0.45390070921985815,
                  0.5200709219858156,
                  0.46099290780141844,
                  0.4714285714285714
               ],
               "class 1": [
                  0.4777777777777778,
                  0.5,
                  0.5222222222222223,
                  0.5740740740740741,
                  0.4485294117647059
               ]
            }
         },
         "mean_folds": {
            "kdn": {
               "global": 0.48478260869565215,
               "class 0": 0.4644984802431611,
               "class 1": 0.5060021786492375
            },
            "ddn": {
               "global": 0.4842971014492753,
               "class 0": 0.46496656534954417,
               "class 1": 0.504520697167756
            }
         },
         "global": {
            "kdn": {
               "global": 0.48695652173913045,
               "class 0": 0.4659090909090909,
               "class 1": 0.5088757396449705
            },
            "ddn": {
               "global": 0.48695652173913045,
               "class 0": 0.4659090909090909,
               "class 1": 0.5088757396449705
            }
         }
      },
      "2": {
         "folds": {
            "kdn": {
               "global": [
                  0.4257246376811594,
                  0.47644927536231885,
                  0.5,
                  0.4945652173913043,
                  0.45652173913043476
               ],
               "class 0": [
                  0.40425531914893614,
                  0.450354609929078,
                  0.4858156028368794,
                  0.46099290780141844,
                  0.45357142857142857
               ],
               "class 1": [
                  0.44814814814814813,
                  0.5037037037037037,
                  0.5148148148148148,
                  0.5296296296296297,
                  0.45955882352941174
               ]
            },
            "ddn": {
               "global": [
                  0.43333333333333335,
                  0.4665579710144927,
                  0.49949275362318846,
                  0.48778985507246375,
                  0.4704710144927536
               ],
               "class 0": [
                  0.43170212765957444,
                  0.4623404255319149,
                  0.4886524822695036,
                  0.4732624113475177,
                  0.48314285714285715
               ],
               "class 1": [
                  0.43503703703703706,
                  0.4709629629629629,
                  0.5108148148148148,
                  0.5029629629629631,
                  0.45742647058823527
               ]
            }
         },
         "mean_folds": {
            "kdn": {
               "global": 0.4706521739130435,
               "class 0": 0.4509979736575482,
               "class 1": 0.4911710239651416
            },
            "ddn": {
               "global": 0.47152898550724637,
               "class 0": 0.46782006079027355,
               "class 1": 0.4754408496732026
            }
         },
         "global": {
            "kdn": {
               "global": 0.47101449275362317,
               "class 0": 0.4460227272727273,
               "class 1": 0.4970414201183432
            },
            "ddn": {
               "global": 0.4630144927536232,
               "class 0": 0.4585795454545455,
               "class 1": 0.46763313609467455
            }
         }
      },
      "3": {
         "folds": {
            "kdn": {
               "global": [
                  0.4444444444444444,
                  0.47584541062801927,
                  0.4842995169082126,
                  0.47946859903381633,
                  0.464975845410628
               ],
               "class 0": [
                  0.4302600472813239,
                  0.4633569739952718,
                  0.4728132387706856,
                  0.46099290780141844,
                  0.46666666666666673
               ],
               "class 1": [
                  0.45925925925925926,
                  0.4888888888888889,
                  0.4962962962962963,
                  0.4987654320987654,
                  0.4632352941176471
               ]
            },
            "ddn": {
               "global": [
                  0.4434057971014493,
                  0.4590217391304348,
                  0.4798913043478262,
                  0.4775,
                  0.46652173913043476
               ],
               "class 0": [
                  0.44489361702127667,
                  0.46177304964539007,
                  0.4792198581560284,
                  0.46702127659574466,
                  0.4845714285714286
               ],
               "class 1": [
                  0.4418518518518519,
                  0.4561481481481481,
                  0.4805925925925927,
                  0.4884444444444444,
                  0.44794117647058823
               ]
            }
         },
         "mean_folds": {
            "kdn": {
               "global": 0.4698067632850241,
               "class 0": 0.4588179669030733,
               "class 1": 0.48128903413217133
            },
            "ddn": {
               "global": 0.465268115942029,
               "class 0": 0.4674958459979737,
               "class 1": 0.46299564270152505
            }
         },
         "global": {
            "kdn": {
               "global": 0.4666666666666667,
               "class 0": 0.45833333333333326,
               "class 1": 0.47534516765286
            },
            "ddn": {
               "global": 0.46423188405797094,
               "class 0": 0.4647727272727273,
               "class 1": 0.46366863905325434
            }
         }
      },
      "4": {
         "folds": {
            "kdn": {
               "global": [
                  0.45018115942028986,
                  0.4692028985507246,
                  0.48007246376811596,
                  0.48188405797101447,
                  0.46557971014492755
               ],
               "class 0": [
                  0.4379432624113475,
                  0.44858156028368795,
                  0.46808510638297873,
                  0.46808510638297873,
                  0.4589285714285714
               ],
               "class 1": [
                  0.46296296296296297,
                  0.49074074074074076,
                  0.4925925925925926,
                  0.4962962962962963,
                  0.4724264705882353
               ]
            },
            "ddn": {
               "global": [
                  0.44329710144927537,
                  0.4690942028985507,
                  0.47532608695652173,
                  0.4740942028985507,
                  0.4697826086956521
               ],