{
   "colon-cancer": {
      "1": {
         "folds": {
            "kdn": {
               "global": [
                  0.32653061224489793,
                  0.30612244897959184,
                  0.36,
                  0.28,
                  0.24
               ],
               "class 0": [
                  0.21875,
                  0.25,
                  0.3125,
                  0.28125,
                  0.1875
               ],
               "class 1": [
                  0.5294117647058824,
                  0.4117647058823529,
                  0.4444444444444444,
                  0.2777777777777778,
                  0.3333333333333333
               ]
            },
            "ddn": {
               "global": [
                  0.32653061224489793,
                  0.30612244897959184,
                  0.36,
                  0.28,
                  0.24
               ],
               "class 0": [
                  0.21875,
                  0.25,
                  0.3125,
                  0.28125,
                  0.1875
               ],
               "class 1": [
                  0.5294117647058824,
                  0.4117647058823529,
                  0.4444444444444444,
                  0.2777777777777778,
                  0.3333333333333333
               ]
            }
         },
         "mean_folds": {
            "kdn": {
               "global": 0.30253061224489797,
               "class 0": 0.25,
               "class 1": 0.39934640522875814
            },
            "ddn": {
               "global": 0.30253061224489797,
               "class 0": 0.25,
               "class 1": 0.39934640522875814
            }
         },
         "global": {
            "kdn": {
               "global": 0.27419354838709675,
               "class 0": 0.25,
               "class 1": 0.3181818181818182
            },
            "ddn": {
               "global": 0.27419354838709675,
               "class 0": 0.25,
               "class 1": 0.3181818181818182
            }
         }
      },
      "2": {
         "folds": {
            "kdn": {
               "global": [
                  0.2755102040816326,
                  0.30612244897959184,
                  0.35,
                  0.28,
                  0.24
               ],
               "class 0": [
                  0.140625,
                  0.1875,
                  0.265625,
                  0.234375,
                  0.140625
               ],
               "class 1": [
                  0.5294117647058824,
                  0.5294117647058824,
                  0.5,
                  0.3611111111111111,
                  0.4166666666666667
               ]
            },
            "ddn": {
               "global": [
                  0.2942857142857143,
                  0.29204081632653056,
                  0.35620000000000007,
                  0.29100000000000004,
                  0.25360000000000005
               ],
               "class 0": [
                  0.18125000000000002,
                  0.2225,
                  0.290625,
                  0.26875,
                  0.1790625
               ],
               "class 1": [
                  0.5070588235294118,
                  0.4229411764705882,
                  0.47277777777777774,
                  0.33055555555555555,
                  0.38611111111111107
               ]
            }
         },
         "mean_folds": {
            "kdn": {
               "global": 0.2903265306122449,
               "class 0": 0.19375,
               "class 1": 0.4673202614379085
            },
            "ddn": {
               "global": 0.29742530612244905,
               "class 0": 0.2284375,
               "class 1": 0.42388888888888887
            }
         },
         "global": {
            "kdn": {
               "global": 0.27419354838709675,
               "class 0": 0.1875,
               "class 1": 0.4318181818181818
            },
            "ddn": {
               "global": 0.27467741935483875,
               "class 0": 0.22525,
               "class 1": 0.3645454545454545
            }
         }
      },
      "3": {
         "folds": {
            "kdn": {
               "global": [
                  0.272108843537415,
                  0.2925170068027211,
                  0.34,
                  0.2933333333333333,
                  0.2333333333333333
               ],
               "class 0": [
                  0.12499999999999999,
                  0.16666666666666663,
                  0.22916666666666663,
                  0.19791666666666669,
                  0.11458333333333331
               ],
               "class 1": [
                  0.5490196078431373,
                  0.5294117647058824,
                  0.537037037037037,
                  0.4629629629629629,
                  0.4444444444444444
               ]
            },
            "ddn": {
               "global": [
                  0.2918367346938776,
                  0.2869387755102041,
                  0.35480000000000006,
                  0.29080000000000006,
                  0.2532
               ],
               "class 0": [
                  0.178125,
                  0.22468749999999998,
                  0.290625,
                  0.26875,
                  0.179375
               ],
               "class 1": [
                  0.5058823529411764,
                  0.4041176470588235,
                  0.46888888888888886,
                  0.33,
                  0.3844444444444445
               ]
            }
         },
         "mean_folds": {
            "kdn": {
               "global": 0.28625850340136055,
               "class 0": 0.16666666666666666,
               "class 1": 0.5045751633986928
            },
            "ddn": {
               "global": 0.2955151020408164,
               "class 0": 0.2283125,
               "class 1": 0.41866666666666663
            }
         },
         "global": {
            "kdn": {
               "global": 0.26881720430107525,
               "class 0": 0.15833333333333333,
               "class 1": 0.46969696969696967
            },
            "ddn": {
               "global": 0.2743548387096774,
               "class 0": 0.22549999999999998,
               "class 1": 0.36318181818181816
            }
         }
      },
      "4": {
         "folds": {
            "kdn": {
               "global": [
                  0.2653061224489796,
                  0.3010204081632653,
                  0.335,
                  0.325,
                  0.24
               ],
               "class 0": [
                  0.1171875,
                  0.1796875,
                  0.234375,
                  0.234375,
                  0.1328125
               ],
               "class 1": [
                  0.5441176470588235,
                  0.5294117647058824,
                  0.5138888888888888,
                  0.4861111111111111,
                  0.4305555555555556
               ]
            },
            "ddn": {
               "global": [
                  0.2895918367346939,
                  0.28693877551020414,
                  0.35479999999999995,
                  0.2908,
                  0.25279999999999997
               ],
               "class 0": [
                  0.1753125,
                  0.224375,
                  0.29093749999999996,
                  0.2684375,
                  0.1790625
               ],
               "class 1": [
                  0.5047058823529412,
                  0.4047058823529412,
                  0.4683333333333333,
                  0.33055555555555555,
                  0.38388888888888895
               ]
            }
         },
         "mean_folds": {
            "kdn": {
               "global": 0.29326530612244894,
               "class 0": 0.1796875,
               "class 1": 0.5008169934640522
            },