{
   "diabetes": {
      "1": {
         "folds": {
            "kdn": {
               "global": [
                  0.3127035830618892,
                  0.28664495114006516,
                  0.2947882736156352,
                  0.31869918699186994,
                  0.2959349593495935
               ],
               "class 0": [
                  0.215,
                  0.2,
                  0.21,
                  0.215,
                  0.2
               ],
               "class 1": [
                  0.4953271028037383,
                  0.4485981308411215,
                  0.4532710280373832,
                  0.5116279069767442,
                  0.4744186046511628
               ]
            },
            "ddn": {
               "global": [
                  0.31433224755700323,
                  0.28827361563517917,
                  0.2939739413680782,
                  0.3203252032520325,
                  0.2967479674796748
               ],
               "class 0": [
                  0.2175,
                  0.2025,
                  0.21,
                  0.2175,
                  0.20125
               ],
               "class 1": [
                  0.4953271028037383,
                  0.4485981308411215,
                  0.45093457943925236,
                  0.5116279069767442,
                  0.4744186046511628
               ]
            }
         },
         "mean_folds": {
            "kdn": {
               "global": 0.3017541908318106,
               "class 0": 0.20800000000000002,
               "class 1": 0.47664855466203004
            },
            "ddn": {
               "global": 0.3027305950583936,
               "class 0": 0.20975000000000002,
               "class 1": 0.4761812649424038
            }
         },
         "global": {
            "kdn": {
               "global": 0.29296875,
               "class 0": 0.204,
               "class 1": 0.458955223880597
            },
            "ddn": {
               "global": 0.2942708333333333,
               "class 0": 0.206,
               "class 1": 0.458955223880597
            }
         }
      },
      "2": {
         "folds": {
            "kdn": {
               "global": [
                  0.30456026058631924,
                  0.2964169381107492,
                  0.30293159609120524,
                  0.33658536585365856,
                  0.29024390243902437
               ],
               "class 0": [
                  0.215,
                  0.20875,
                  0.2225,
                  0.2425,
                  0.20125
               ],
               "class 1": [
                  0.4719626168224299,
                  0.4602803738317757,
                  0.4532710280373832,
                  0.5116279069767442,
                  0.4558139534883721
               ]
            },
            "ddn": {
               "global": [
                  0.3114983713355049,
                  0.3057166123778502,
                  0.3220195439739414,
                  0.34232520325203253,
                  0.3059837398373984
               ],
               "class 0": [
                  0.2257,
                  0.22245,
                  0.24275,
                  0.250375,
                  0.225
               ],
               "class 1": [
                  0.47186915887850467,
                  0.4613551401869159,
                  0.4701869158878505,
                  0.5133953488372093,
                  0.45665116279069773
               ]
            }
         },
         "mean_folds": {
            "kdn": {
               "global": 0.30614761261619133,
               "class 0": 0.21799999999999997,
               "class 1": 0.4705911758313411
            },
            "ddn": {
               "global": 0.3175086941553455,
               "class 0": 0.23325500000000005,
               "class 1": 0.4746915453162356
            }
         },
         "global": {
            "kdn": {
               "global": 0.3053385416666667,
               "class 0": 0.217,
               "class 1": 0.4701492537313433
            },
            "ddn": {
               "global": 0.3145442708333333,
               "class 0": 0.2305,
               "class 1": 0.47134328358208955
            }
         }
      },
      "3": {
         "folds": {
            "kdn": {
               "global": [
                  0.30130293159609123,
                  0.29587404994571115,
                  0.3018458197611292,
                  0.3338753387533875,
                  0.29376693766937667
               ],
               "class 0": [
                  0.2125,
                  0.21166666666666664,
                  0.21583333333333332,
                  0.2425,
                  0.2075
               ],
               "class 1": [
                  0.4672897196261682,
                  0.4532710280373832,
                  0.46261682242990654,
                  0.5038759689922481,
                  0.4542635658914728
               ]
            },
            "ddn": {
               "global": [
                  0.3168729641693811,
                  0.31486970684039084,
                  0.32659609120521177,
                  0.33791869918699186,
                  0.31874796747967477
               ],
               "class 0": [
                  0.225725,
                  0.22820000000000001,
                  0.23134999999999997,
                  0.24054999999999999,
                  0.23009999999999997
               ],
               "class 1": [
                  0.4872429906542057,
                  0.4768691588785047,
                  0.5046261682242991,
                  0.5190697674418604,
                  0.4836744186046512
               ]
            }
         },
         "mean_folds": {
            "kdn": {
               "global": 0.30533301554513914,
               "class 0": 0.21799999999999997,
               "class 1": 0.4682634209954357
            },
            "ddn": {
               "global": 0.32300108577633,
               "class 0": 0.23118499999999997,
               "class 1": 0.49429650076070414
            }
         },
         "global": {
            "kdn": {
               "global": 0.2990451388888889,
               "class 0": 0.216,
               "class 1": 0.4539800995024875
            },
            "ddn": {
               "global": 0.32083333333333336,
               "class 0": 0.232,
               "class 1": 0.4865671641791045
            }
         }
      },
      "4": {
         "folds": {
            "kdn": {
               "global": [
                  0.30415309446254074,
                  0.30211726384364823,
                  0.31433224755700323,
                  0.33455284552845527,
                  0.3130081300813008
               ],
               "class 0": [
                  0.213125,
                  0.21375,
                  0.22875,
                  0.24,
                  0.22375
               ],
               "class 1": [
                  0.4742990654205608,
                  0.4672897196261682,
                  0.4742990654205608,
                  0.5104651162790698,
                  0.4790697674418605
               ]
            },
            "ddn": {
               "global": [
                  0.3205211726384365,
                  0.3193648208469056,
                  0.32576547231270353,
                  0.3426178861788618,
                  0.3223739837398374
               ],
               "class 0": [
                  0.225175,
                  0.2293,
                  0.22787500000000002,
                  0.2425,
                  0.229425
               ],
               "class 1": [
                  0.4987383177570093,
                  0.48771028037383174,
                  0.5087383177570094,
                  0.5288837209302326,
                  0.4953023255813953
               ]
            }
         },