{
   "flare": {
      "1": {
         "folds": {
            "kdn": {
               "global": [
                  0.18192488262910797,
                  0.20398593200468934,
                  0.20398593200468934,
                  0.205158264947245,
                  0.205158264947245
               ],
               "class 0": [
                  0.10325318246110325,
                  0.1188118811881188,
                  0.14002828854314003,
                  0.13295615275813297,
                  0.1327683615819209
               ],
               "class 1": [
                  0.5655172413793104,
                  0.6164383561643836,
                  0.5136986301369864,
                  0.5547945205479452,
                  0.5586206896551724
               ]
            },
            "ddn": {
               "global": [
                  0.2409976525821596,
                  0.24071512309495896,
                  0.24520515826494724,
                  0.2383704572098476,
                  0.24548651817116057
               ],
               "class 0": [
                  0.1458981612446959,
                  0.14386138613861382,
                  0.14823196605374822,
                  0.14373408769448373,
                  0.14918079096045198
               ],
               "class 1": [
                  0.7046896551724139,
                  0.7097260273972603,
                  0.7147945205479452,
                  0.6966438356164383,
                  0.7157241379310345
               ]
            }
         },
         "mean_folds": {
            "kdn": {
               "global": 0.20004265530659532,
               "class 0": 0.12556357330648318,
               "class 1": 0.5618138875767595
            },
            "ddn": {
               "global": 0.2421549818646148,
               "class 0": 0.14618127841839873,
               "class 1": 0.7083156353330183
            }
         },
         "global": {
            "kdn": {
               "global": 0.22138836772983114,
               "class 0": 0.15723981900452488,
               "class 1": 0.532967032967033
            },
            "ddn": {
               "global": 0.24062851782363975,
               "class 0": 0.1442873303167421,
               "class 1": 0.7085714285714284
            }
         }
      },
      "2": {
         "folds": {
            "kdn": {
               "global": [
                  0.19483568075117372,
                  0.19577960140679954,
                  0.19284876905041032,
                  0.18933177022274325,
                  0.1899179366940211
               ],
               "class 0": [
                  0.11244695898161244,
                  0.10678925035360678,
                  0.11315417256011315,
                  0.09900990099009901,
                  0.10310734463276836
               ],
               "class 1": [
                  0.596551724137931,
                  0.6267123287671232,
                  0.5787671232876712,
                  0.6267123287671232,
                  0.6137931034482759
               ]
            },
            "ddn": {
               "global": [
                  0.24350938967136151,
                  0.2386400937866354,
                  0.24657678780773737,
                  0.23747948417350526,
                  0.24528722157092617
               ],
               "class 0": [
                  0.14946251768033947,
                  0.1426308345120226,
                  0.14753889674681755,
                  0.14272984441301273,
                  0.14741525423728813
               ],
               "class 1": [
                  0.7020689655172414,
                  0.7035616438356165,
                  0.7261643835616438,
                  0.6963013698630137,
                  0.7231724137931035
               ]
            }
         },
         "mean_folds": {
            "kdn": {
               "global": 0.1925427516250296,
               "class 0": 0.10690152550363996,
               "class 1": 0.608507321681625
            },
            "ddn": {
               "global": 0.24229859540203313,
               "class 0": 0.1459554695178961,
               "class 1": 0.7102537553141237
            }
         },
         "global": {
            "kdn": {
               "global": 0.19840525328330205,
               "class 0": 0.11368778280542986,
               "class 1": 0.6098901098901099
            },
            "ddn": {
               "global": 0.24189493433395873,
               "class 0": 0.14381221719457013,
               "class 1": 0.7182967032967033
            }
         }
      },
      "3": {
         "folds": {
            "kdn": {
               "global": [
                  0.20031298904538344,
                  0.1860101602188355,
                  0.19148104728409532,
                  0.1910902696365768,
                  0.19109026963657674
               ],
               "class 0": [
                  0.10985384252710984,
                  0.09806694955209806,
                  0.09712399811409711,
                  0.09853842527109853,
                  0.096045197740113
               ],
               "class 1": [
                  0.6413793103448275,
                  0.6118721461187214,
                  0.6484018264840182,
                  0.6392694063926939,
                  0.6551724137931034
               ]
            },
            "ddn": {
               "global": [
                  0.24434272300469484,
                  0.24303634232121923,
                  0.24838218053927316,
                  0.24063305978898006,
                  0.24593200468933177
               ],
               "class 0": [
                  0.15222065063649223,
                  0.14864214992927866,
                  0.15016973125884014,
                  0.144978783592645,
                  0.14992937853107347
               ],
               "class 1": [
                  0.6935172413793104,
                  0.7001369863013699,
                  0.723972602739726,
                  0.7038356164383562,
                  0.7146896551724138
               ]
            }
         },
         "mean_folds": {
            "kdn": {
               "global": 0.19199694716429355,
               "class 0": 0.0999256826409033,
               "class 1": 0.6392190206266729
            },
            "ddn": {
               "global": 0.24446526206869984,
               "class 0": 0.1491881387896659,
               "class 1": 0.7072304204062352
            }
         },
         "global": {
            "kdn": {
               "global": 0.1982489055659787,
               "class 0": 0.10482654600301658,
               "class 1": 0.652014652014652
            },
            "ddn": {
               "global": 0.24348030018761727,
               "class 0": 0.14802036199095026,
               "class 1": 0.7071428571428571
            }
         }
      },
      "4": {
         "folds": {
            "kdn": {
               "global": [
                  0.2312206572769953,
                  0.19636576787807739,
                  0.20193434935521687,
                  0.20134818288393905,
                  0.20662368112543963
               ],
               "class 0": [
                  0.1456859971711457,
                  0.09971711456859972,
                  0.10643564356435643,
                  0.10891089108910891,
                  0.11405367231638418
               ],
               "class 1": [
                  0.6482758620689655,
                  0.6643835616438356,
                  0.6643835616438356,
                  0.648972602739726,
                  0.6586206896551724
               ]
            },
            "ddn": {
               "global": [
                  0.24899061032863848,
                  0.24590855803048065,
                  0.2502696365767878,
                  0.24104337631887454,
                  0.2488511137162954
               ],