{
   "fourclass": {
      "1": {
         "folds": {
            "kdn": {
               "global": [
                  0.0,
                  0.0,
                  0.0,
                  0.0014492753623188406,
                  0.0
               ],
               "class 0": [
                  0.0,
                  0.0,
                  0.0,
                  0.0022522522522522522,
                  0.0
               ],
               "class 1": [
                  0.0,
                  0.0,
                  0.0,
                  0.0,
                  0.0
               ]
            },
            "ddn": {
               "global": [
                  0.0,
                  0.0,
                  0.0,
                  0.0014492753623188406,
                  0.0
               ],
               "class 0": [
                  0.0,
                  0.0,
                  0.0,
                  0.0022522522522522522,
                  0.0
               ],
               "class 1": [
                  0.0,
                  0.0,
                  0.0,
                  0.0,
                  0.0
               ]
            }
         },
         "mean_folds": {
            "kdn": {
               "global": 0.0002898550724637681,
               "class 0": 0.00045045045045045046,
               "class 1": 0.0
            },
            "ddn": {
               "global": 0.0002898550724637681,
               "class 0": 0.00045045045045045046,
               "class 1": 0.0
            }
         },
         "global": {
            "kdn": {
               "global": 0.0,
               "class 0": 0.0,
               "class 1": 0.0
            },
            "ddn": {
               "global": 0.0,
               "class 0": 0.0,
               "class 1": 0.0
            }
         }
      },
      "2": {
         "folds": {
            "kdn": {
               "global": [
                  0.001451378809869376,
                  0.0,
                  0.0014492753623188406,
                  0.0007246376811594203,
                  0.0007246376811594203
               ],
               "class 0": [
                  0.0011261261261261261,
                  0.0,
                  0.0011261261261261261,
                  0.0011261261261261261,
                  0.0
               ],
               "class 1": [
                  0.0020408163265306124,
                  0.0,
                  0.0020325203252032522,
                  0.0,
                  0.0020325203252032522
               ]
            },
            "ddn": {
               "global": [
                  0.004267053701015965,
                  0.0022496371552975323,
                  0.003695652173913043,
                  0.003521739130434782,
                  0.004898550724637681
               ],
               "class 0": [
                  0.004301801801801802,
                  0.002252252252252252,
                  0.0019144144144144144,
                  0.004211711711711711,
                  0.002927927927927928
               ],
               "class 1": [
                  0.00420408163265306,
                  0.002244897959183673,
                  0.006910569105691056,
                  0.002276422764227642,
                  0.008455284552845528
               ]
            }
         },
         "mean_folds": {
            "kdn": {
               "global": 0.0008699859069014115,
               "class 0": 0.0006756756756756757,
               "class 1": 0.0012211713953874236
            },
            "ddn": {
               "global": 0.003726526577059801,
               "class 0": 0.003121621621621621,
               "class 1": 0.004818251202920192
            }
         },
         "global": {
            "kdn": {
               "global": 0.000580046403712297,
               "class 0": 0.0009009009009009009,
               "class 1": 0.0
            },
            "ddn": {
               "global": 0.002215777262180975,
               "class 0": 0.0022342342342342347,
               "class 1": 0.0021824104234527686
            }
         }
      },
      "3": {
         "folds": {
            "kdn": {
               "global": [
                  0.0019351717464925011,
                  0.0004837929366231253,
                  0.0014492753623188406,
                  0.000966183574879227,
                  0.0014492753623188406
               ],
               "class 0": [
                  0.0015015015015015015,
                  0.0,
                  0.0015015015015015015,
                  0.0007507507507507507,
                  0.0007507507507507507
               ],
               "class 1": [
                  0.0027210884353741495,
                  0.0013605442176870747,
                  0.0013550135501355014,
                  0.0013550135501355014,
                  0.0027100271002710027
               ]
            },
            "ddn": {
               "global": [
                  0.009404934687953557,
                  0.006458635703918723,
                  0.00818840579710145,
                  0.007942028985507246,
                  0.00798550724637681
               ],
               "class 0": [
                  0.00795045045045045,
                  0.004031531531531532,
                  0.006238738738738739,
                  0.005225225225225225,
                  0.004909909909909909
               ],
               "class 1": [
                  0.012040816326530611,
                  0.010857142857142857,
                  0.011707317073170732,
                  0.012845528455284552,
                  0.013536585365853658
               ]
            }
         },
         "mean_folds": {
            "kdn": {
               "global": 0.001256739796526507,
               "class 0": 0.0009009009009009009,
               "class 1": 0.0019003373707206458
            },
            "ddn": {
               "global": 0.007995902484171558,
               "class 0": 0.005671171171171171,
               "class 1": 0.012197478015596484
            }
         },
         "global": {
            "kdn": {
               "global": 0.0007733952049497292,
               "class 0": 0.0006006006006006006,
               "class 1": 0.0010857763300760042
            },
            "ddn": {
               "global": 0.0051972157772621815,
               "class 0": 0.003153153153153153,
               "class 1": 0.008892508143322476
            }
         }
      },
      "4": {
         "folds": {
            "kdn": {
               "global": [
                  0.002902757619738752,
                  0.00181422351233672,
                  0.003260869565217391,
                  0.002536231884057971,
                  0.002898550724637681
               ],
               "class 0": [
                  0.002815315315315315,
                  0.0011261261261261261,
                  0.0022522522522522522,
                  0.0016891891891891893,
                  0.0011261261261261261
               ],
               "class 1": [
                  0.003061224489795918,
                  0.003061224489795918,
                  0.00508130081300813,
                  0.0040650406504065045,
                  0.006097560975609756
               ]
            },
            "ddn": {
               "global": [
                  0.013280116110304788,
                  0.010566037735849056,
                  0.012420289855072464,
                  0.012565217391304348,
                  0.011217391304347827
               ],
               "class 0": [
                  0.012004504504504505,
                  0.0073873873873873865,
                  0.011036036036036036,
                  0.01072072072072072,
                  0.008648648648648649
               ],