{
   "german_numer": {
      "1": {
         "folds": {
            "kdn": {
               "global": [
                  0.3075,
                  0.33875,
                  0.34,
                  0.33125,
                  0.31375
               ],
               "class 0": [
                  0.20535714285714285,
                  0.2375,
                  0.23214285714285715,
                  0.22321428571428573,
                  0.21607142857142858
               ],
               "class 1": [
                  0.5458333333333333,
                  0.575,
                  0.5916666666666667,
                  0.5833333333333334,
                  0.5416666666666666
               ]
            },
            "ddn": {
               "global": [
                  0.3075,
                  0.33875,
                  0.34,
                  0.33,
                  0.31375
               ],
               "class 0": [
                  0.20535714285714285,
                  0.2375,
                  0.23214285714285715,
                  0.22232142857142856,
                  0.21607142857142858
               ],
               "class 1": [
                  0.5458333333333333,
                  0.575,
                  0.5916666666666667,
                  0.58125,
                  0.5416666666666666
               ]
            }
         },
         "mean_folds": {
            "kdn": {
               "global": 0.32625000000000004,
               "class 0": 0.22285714285714286,
               "class 1": 0.5675
            },
            "ddn": {
               "global": 0.326,
               "class 0": 0.22267857142857145,
               "class 1": 0.5670833333333334
            }
         },
         "global": {
            "kdn": {
               "global": 0.327,
               "class 0": 0.22714285714285715,
               "class 1": 0.56
            },
            "ddn": {
               "global": 0.327,
               "class 0": 0.22714285714285715,
               "class 1": 0.56
            }
         }
      },
      "2": {
         "folds": {
            "kdn": {
               "global": [
                  0.3275,
                  0.335625,
                  0.340625,
                  0.334375,
                  0.3275
               ],
               "class 0": [
                  0.22678571428571428,
                  0.22857142857142856,
                  0.23125,
                  0.21607142857142858,
                  0.22410714285714287
               ],
               "class 1": [
                  0.5625,
                  0.5854166666666667,
                  0.5958333333333333,
                  0.6104166666666667,
                  0.56875
               ]
            },
            "ddn": {
               "global": [
                  0.3252125,
                  0.3367,
                  0.33996250000000006,
                  0.32762500000000006,
                  0.3242125
               ],
               "class 0": [
                  0.22675,
                  0.23148214285714286,
                  0.23753571428571427,
                  0.217875,
                  0.22144642857142854
               ],
               "class 1": [
                  0.5549583333333333,
                  0.5822083333333334,
                  0.5789583333333334,
                  0.5837083333333334,
                  0.564
               ]
            }
         },
         "mean_folds": {
            "kdn": {
               "global": 0.333125,
               "class 0": 0.22535714285714287,
               "class 1": 0.5845833333333333
            },
            "ddn": {
               "global": 0.33074250000000005,
               "class 0": 0.22701785714285716,
               "class 1": 0.5727666666666668
            }
         },
         "global": {
            "kdn": {
               "global": 0.3235,
               "class 0": 0.21071428571428572,
               "class 1": 0.5866666666666667
            },
            "ddn": {
               "global": 0.32864,
               "class 0": 0.2250142857142857,
               "class 1": 0.5704333333333333
            }
         }
      },
      "3": {
         "folds": {
            "kdn": {
               "global": [
                  0.33125,
                  0.34375,
                  0.33875,
                  0.33625,
                  0.3325
               ],
               "class 0": [
                  0.2309523809523809,
                  0.2375,
                  0.2309523809523809,
                  0.22142857142857142,
                  0.2226190476190476
               ],
               "class 1": [
                  0.5652777777777779,
                  0.5916666666666667,
                  0.5902777777777778,
                  0.6041666666666666,
                  0.5888888888888888
               ]
            },
            "ddn": {
               "global": [
                  0.325,
                  0.33885,
                  0.340025,
                  0.335,
                  0.33058750000000003
               ],
               "class 0": [
                  0.22169642857142857,
                  0.23082142857142857,
                  0.23201785714285716,
                  0.22371428571428573,
                  0.22032142857142858
               ],
               "class 1": [
                  0.5660416666666667,
                  0.5909166666666666,
                  0.5920416666666667,
                  0.5946666666666667,
                  0.587875
               ]
            }
         },
         "mean_folds": {
            "kdn": {
               "global": 0.33649999999999997,
               "class 0": 0.22869047619047617,
               "class 1": 0.5880555555555554
            },
            "ddn": {
               "global": 0.33389250000000004,
               "class 0": 0.2257142857142857,
               "class 1": 0.5863083333333333
            }
         },
         "global": {
            "kdn": {
               "global": 0.3373333333333334,
               "class 0": 0.22952380952380952,
               "class 1": 0.5888888888888889
            },
            "ddn": {
               "global": 0.33109,
               "class 0": 0.22527142857142857,
               "class 1": 0.578
            }
         }
      },
      "4": {
         "folds": {
            "kdn": {
               "global": [
                  0.3290625,
                  0.34,
                  0.338125,
                  0.3328125,
                  0.33
               ],
               "class 0": [
                  0.22455357142857144,
                  0.23035714285714284,
                  0.2294642857142857,
                  0.22053571428571428,
                  0.21919642857142857
               ],
               "class 1": [
                  0.5729166666666666,
                  0.5958333333333333,
                  0.5916666666666667,
                  0.5947916666666667,
                  0.5885416666666666
               ]
            },
            "ddn": {
               "global": [
                  0.33106250000000004,
                  0.3441624999999999,
                  0.3446,
                  0.33801249999999994,
                  0.3335125
               ],
               "class 0": [
                  0.22482142857142856,
                  0.23416071428571428,
                  0.23164285714285715,
                  0.22198214285714285,
                  0.22176785714285713
               ],
               "class 1": [
                  0.5789583333333334,
                  0.6008333333333333,
                  0.6081666666666666,
                  0.6087499999999999,
                  0.5942500000000001
               ]
            }
         },
         "mean_folds": {
            "kdn": {
               "global": 0.334,
               "class 0": 0.22482142857142856,
               "class 1": 0.5887499999999999
            },