{
   "haberman": {
      "1": {
         "folds": {
            "kdn": {
               "global": [
                  0.30327868852459017,
                  0.30612244897959184,
                  0.3346938775510204,
                  0.3510204081632653,
                  0.3142857142857143
               ],
               "class 0": [
                  0.17777777777777778,
                  0.2,
                  0.19444444444444445,
                  0.25,
                  0.21666666666666667
               ],
               "class 1": [
                  0.65625,
                  0.6,
                  0.7230769230769231,
                  0.6307692307692307,
                  0.5846153846153846
               ]
            },
            "ddn": {
               "global": [
                  0.33262295081967214,
                  0.3169795918367347,
                  0.35918367346938773,
                  0.368,
                  0.32922448979591834
               ],
               "class 0": [
                  0.21294444444444444,
                  0.19905555555555554,
                  0.2222222222222222,
                  0.2573888888888889,
                  0.22683333333333333
               ],
               "class 1": [
                  0.66921875,
                  0.6435384615384615,
                  0.7384615384615385,
                  0.6743076923076923,
                  0.6127692307692307
               ]
            }
         },
         "mean_folds": {
            "kdn": {
               "global": 0.32188022750083645,
               "class 0": 0.20777777777777776,
               "class 1": 0.6389423076923078
            },
            "ddn": {
               "global": 0.3412021411843426,
               "class 0": 0.2236888888888889,
               "class 1": 0.6676591346153845
            }
         },
         "global": {
            "kdn": {
               "global": 0.3235294117647059,
               "class 0": 0.20444444444444446,
               "class 1": 0.654320987654321
            },
            "ddn": {
               "global": 0.3452941176470588,
               "class 0": 0.2259111111111111,
               "class 1": 0.6769135802469135
            }
         }
      },
      "2": {
         "folds": {
            "kdn": {
               "global": [
                  0.3094262295081967,
                  0.3,
                  0.3224489795918367,
                  0.32653061224489793,
                  0.3040816326530612
               ],
               "class 0": [
                  0.20555555555555555,
                  0.17777777777777778,
                  0.20555555555555555,
                  0.23055555555555557,
                  0.21666666666666667
               ],
               "class 1": [
                  0.6015625,
                  0.6384615384615384,
                  0.6461538461538462,
                  0.5923076923076923,
                  0.5461538461538461
               ]
            },
            "ddn": {
               "global": [
                  0.33311475409836067,
                  0.32093877551020406,
                  0.33816326530612245,
                  0.3413061224489796,
                  0.3215918367346938
               ],
               "class 0": [
                  0.2233888888888889,
                  0.205,
                  0.22272222222222224,
                  0.2387777777777778,
                  0.22216666666666668
               ],
               "class 1": [
                  0.64171875,
                  0.642,
                  0.657846153846154,
                  0.6252307692307691,
                  0.5969230769230769
               ]
            }
         },
         "mean_folds": {
            "kdn": {
               "global": 0.3124974907995985,
               "class 0": 0.2072222222222222,
               "class 1": 0.6049278846153846
            },
            "ddn": {
               "global": 0.3310229508196721,
               "class 0": 0.22241111111111111,
               "class 1": 0.63274375
            }
         },
         "global": {
            "kdn": {
               "global": 0.3088235294117647,
               "class 0": 0.20222222222222222,
               "class 1": 0.6049382716049383
            },
            "ddn": {
               "global": 0.32990196078431366,
               "class 0": 0.22177777777777777,
               "class 1": 0.6302469135802469
            }
         }
      },
      "3": {
         "folds": {
            "kdn": {
               "global": [
                  0.319672131147541,
                  0.31020408163265306,
                  0.3374149659863946,
                  0.3292517006802721,
                  0.30884353741496595
               ],
               "class 0": [
                  0.20555555555555555,
                  0.18703703703703703,
                  0.21296296296296294,
                  0.22592592592592592,
                  0.20740740740740737
               ],
               "class 1": [
                  0.640625,
                  0.6512820512820513,
                  0.6820512820512821,
                  0.6153846153846154,
                  0.5897435897435896
               ]
            },
            "ddn": {
               "global": [
                  0.32901639344262296,
                  0.31812244897959185,
                  0.34151020408163263,
                  0.34036734693877546,
                  0.3253061224489796
               ],
               "class 0": [
                  0.20883333333333334,
                  0.19405555555555556,
                  0.22133333333333335,
                  0.22961111111111115,
                  0.21294444444444444
               ],
               "class 1": [
                  0.66703125,
                  0.6616923076923076,
                  0.6743076923076923,
                  0.6470769230769231,
                  0.6364615384615384
               ]
            }
         },
         "mean_folds": {
            "kdn": {
               "global": 0.3210772833723653,
               "class 0": 0.20777777777777776,
               "class 1": 0.6358173076923077
            },
            "ddn": {
               "global": 0.33086450317832056,
               "class 0": 0.21335555555555558,
               "class 1": 0.6573139423076922
            }
         },
         "global": {
            "kdn": {
               "global": 0.31699346405228757,
               "class 0": 0.20444444444444446,
               "class 1": 0.6296296296296298
            },
            "ddn": {
               "global": 0.33071895424836606,
               "class 0": 0.21391111111111114,
               "class 1": 0.6551851851851853
            }
         }
      },
      "4": {
         "folds": {
            "kdn": {
               "global": [
                  0.3319672131147541,
                  0.32040816326530613,
                  0.3346938775510204,
                  0.32448979591836735,
                  0.3153061224489796
               ],
               "class 0": [
                  0.21388888888888888,
                  0.19583333333333333,
                  0.20555555555555555,
                  0.2111111111111111,
                  0.20555555555555555
               ],
               "class 1": [
                  0.6640625,
                  0.6653846153846154,
                  0.6923076923076923,
                  0.6384615384615384,
                  0.6192307692307693
               ]
            },
            "ddn": {
               "global": [
                  0.33967213114754097,
                  0.3338367346938776,
                  0.3431836734693878,
                  0.3438775510204082,
                  0.33424489795918366
               ],