{
   "housevotes84": {
      "1": {
         "folds": {
            "kdn": {
               "global": [
                  0.10810810810810811,
                  0.0918918918918919,
                  0.10752688172043011,
                  0.10215053763440861,
                  0.05913978494623656
               ],
               "class 0": [
                  0.1111111111111111,
                  0.09090909090909091,
                  0.1111111111111111,
                  0.09090909090909091,
                  0.06
               ],
               "class 1": [
                  0.10465116279069768,
                  0.09302325581395349,
                  0.10344827586206896,
                  0.11494252873563218,
                  0.05813953488372093
               ]
            },
            "ddn": {
               "global": [
                  0.10810810810810811,
                  0.09551351351351352,
                  0.11112903225806453,
                  0.10306451612903227,
                  0.05913978494623656
               ],
               "class 0": [
                  0.1111111111111111,
                  0.09767676767676768,
                  0.11787878787878787,
                  0.09262626262626263,
                  0.06
               ],
               "class 1": [
                  0.10465116279069768,
                  0.09302325581395349,
                  0.10344827586206896,
                  0.11494252873563218,
                  0.05813953488372093
               ]
            }
         },
         "mean_folds": {
            "kdn": {
               "global": 0.09376344086021507,
               "class 0": 0.09280808080808081,
               "class 1": 0.09484095161721465
            },
            "ddn": {
               "global": 0.09539099099099099,
               "class 0": 0.09585858585858585,
               "class 1": 0.09484095161721465
            }
         },
         "global": {
            "kdn": {
               "global": 0.09051724137931035,
               "class 0": 0.08064516129032258,
               "class 1": 0.10185185185185185
            },
            "ddn": {
               "global": 0.0934051724137931,
               "class 0": 0.08604838709677419,
               "class 1": 0.10185185185185185
            }
         }
      },
      "2": {
         "folds": {
            "kdn": {
               "global": [
                  0.10270270270270271,
                  0.0945945945945946,
                  0.11290322580645161,
                  0.10752688172043011,
                  0.07526881720430108
               ],
               "class 0": [
                  0.10606060606060606,
                  0.10606060606060606,
                  0.13131313131313133,
                  0.11616161616161616,
                  0.085
               ],
               "class 1": [
                  0.09883720930232558,
                  0.08139534883720931,
                  0.09195402298850575,
                  0.09770114942528736,
                  0.06395348837209303
               ]
            },
            "ddn": {
               "global": [
                  0.09924324324324324,
                  0.09405405405405405,
                  0.11236559139784945,
                  0.10096774193548387,
                  0.07612903225806451
               ],
               "class 0": [
                  0.10787878787878788,
                  0.10585858585858586,
                  0.13767676767676768,
                  0.12171717171717172,
                  0.09359999999999999
               ],
               "class 1": [
                  0.08930232558139535,
                  0.08046511627906977,
                  0.08356321839080459,
                  0.07735632183908045,
                  0.05581395348837209
               ]
            }
         },
         "mean_folds": {
            "kdn": {
               "global": 0.09859924440569602,
               "class 0": 0.1089191919191919,
               "class 1": 0.0867682437850842
            },
            "ddn": {
               "global": 0.09655193257773902,
               "class 0": 0.11334626262626261,
               "class 1": 0.07730018711574446
            }
         },
         "global": {
            "kdn": {
               "global": 0.10129310344827586,
               "class 0": 0.10483870967741936,
               "class 1": 0.09722222222222222
            },
            "ddn": {
               "global": 0.09827586206896552,
               "class 0": 0.11161290322580646,
               "class 1": 0.08296296296296296
            }
         }
      },
      "3": {
         "folds": {
            "kdn": {
               "global": [
                  0.0972972972972973,
                  0.08648648648648648,
                  0.1111111111111111,
                  0.1039426523297491,
                  0.07526881720430108
               ],
               "class 0": [
                  0.1111111111111111,
                  0.09764309764309764,
                  0.13131313131313133,
                  0.12121212121212122,
                  0.08666666666666666
               ],
               "class 1": [
                  0.08139534883720931,
                  0.07364341085271317,
                  0.08812260536398467,
                  0.0842911877394636,
                  0.06201550387596899
               ]
            },
            "ddn": {
               "global": [
                  0.09902702702702702,
                  0.08827027027027028,
                  0.11010752688172042,
                  0.10241935483870966,
                  0.07940860215053765
               ],
               "class 0": [
                  0.11454545454545455,
                  0.10020202020202022,
                  0.13424242424242427,
                  0.1274747474747475,
                  0.09219999999999999
               ],
               "class 1": [
                  0.08116279069767442,
                  0.07453488372093023,
                  0.08264367816091954,
                  0.0739080459770115,
                  0.06453488372093025
               ]
            }
         },
         "mean_folds": {
            "kdn": {
               "global": 0.09482127288578901,
               "class 0": 0.1095892255892256,
               "class 1": 0.07789361133386795
            },
            "ddn": {
               "global": 0.095846556233653,
               "class 0": 0.1137329292929293,
               "class 1": 0.0753568564554932
            }
         },
         "global": {
            "kdn": {
               "global": 0.09482758620689655,
               "class 0": 0.10483870967741936,
               "class 1": 0.08333333333333333
            },
            "ddn": {
               "global": 0.09586206896551724,
               "class 0": 0.11137096774193547,
               "class 1": 0.07805555555555556
            }
         }
      },
      "4": {
         "folds": {
            "kdn": {
               "global": [
                  0.0945945945945946,
                  0.08783783783783784,
                  0.11424731182795698,
                  0.10349462365591398,
                  0.0793010752688172
               ],
               "class 0": [
                  0.11868686868686869,
                  0.10606060606060606,
                  0.1388888888888889,
                  0.12626262626262627,
                  0.1
               ],
               "class 1": [
                  0.06686046511627906,
                  0.06686046511627906,
                  0.08620689655172414,
                  0.07758620689655173,
                  0.055232558139534885
               ]
            },
            "ddn": {
               "global": [
                  0.10118918918918918,
                  0.08762162162162163,
                  0.1128494623655914,
                  0.10860215053763442,
                  0.08306451612903226
               ],