{
   "ilpd": {
      "1": {
         "folds": {
            "kdn": {
               "global": [
                  0.34989200863930886,
                  0.32181425485961124,
                  0.3412526997840173,
                  0.3045356371490281,
                  0.34913793103448276
               ],
               "class 0": [
                  0.2628398791540785,
                  0.23564954682779457,
                  0.25075528700906347,
                  0.23564954682779457,
                  0.2680722891566265
               ],
               "class 1": [
                  0.5681818181818182,
                  0.5378787878787878,
                  0.5681818181818182,
                  0.4772727272727273,
                  0.553030303030303
               ]
            },
            "ddn": {
               "global": [
                  0.3509719222462203,
                  0.3207343412526998,
                  0.3390928725701944,
                  0.30598272138228944,
                  0.34913793103448276
               ],
               "class 0": [
                  0.26435045317220546,
                  0.23413897280966767,
                  0.24924471299093656,
                  0.2376737160120846,
                  0.2680722891566265
               ],
               "class 1": [
                  0.5681818181818182,
                  0.5378787878787878,
                  0.5643939393939394,
                  0.4772727272727273,
                  0.553030303030303
               ]
            }
         },
         "mean_folds": {
            "kdn": {
               "global": 0.33332650629328964,
               "class 0": 0.25059330979507155,
               "class 1": 0.5409090909090908
            },
            "ddn": {
               "global": 0.3331839576971774,
               "class 0": 0.25069602882830416,
               "class 1": 0.540151515151515
            }
         },
         "global": {
            "kdn": {
               "global": 0.32642487046632124,
               "class 0": 0.24154589371980675,
               "class 1": 0.5393939393939394
            },
            "ddn": {
               "global": 0.32642487046632124,
               "class 0": 0.24154589371980675,
               "class 1": 0.5393939393939394
            }
         }
      },
      "2": {
         "folds": {
            "kdn": {
               "global": [
                  0.357451403887689,
                  0.33801295896328293,
                  0.3434125269978402,
                  0.32937365010799136,
                  0.3609913793103448
               ],
               "class 0": [
                  0.2673716012084592,
                  0.24169184290030213,
                  0.256797583081571,
                  0.24924471299093656,
                  0.2756024096385542
               ],
               "class 1": [
                  0.5833333333333334,
                  0.5795454545454546,
                  0.5606060606060606,
                  0.5303030303030303,
                  0.5757575757575758
               ]
            },
            "ddn": {
               "global": [
                  0.35401727861771065,
                  0.339244060475162,
                  0.3464578833693304,
                  0.3318790496760259,
                  0.3621120689655172
               ],
               "class 0": [
                  0.26746223564954685,
                  0.24924471299093656,
                  0.25722054380664655,
                  0.2473413897280967,
                  0.2758734939759036
               ],
               "class 1": [
                  0.571060606060606,
                  0.5649242424242423,
                  0.5702272727272727,
                  0.5438636363636363,
                  0.5790151515151516
               ]
            }
         },
         "mean_folds": {
            "kdn": {
               "global": 0.34584838385342964,
               "class 0": 0.2581416299639646,
               "class 1": 0.5659090909090909
            },
            "ddn": {
               "global": 0.3467420682207492,
               "class 0": 0.25942847523022605,
               "class 1": 0.5658181818181818
            }
         },
         "global": {
            "kdn": {
               "global": 0.34283246977547494,
               "class 0": 0.25483091787439616,
               "class 1": 0.5636363636363636
            },
            "ddn": {
               "global": 0.34735751295336786,
               "class 0": 0.2578502415458937,
               "class 1": 0.571939393939394
            }
         }
      },
      "3": {
         "folds": {
            "kdn": {
               "global": [
                  0.36141108711303094,
                  0.35853131749460043,
                  0.3599712023038157,
                  0.35205183585313177,
                  0.3728448275862069
               ],
               "class 0": [
                  0.2739174219536757,
                  0.26183282980866057,
                  0.2688821752265861,
                  0.26787512588116813,
                  0.28112449799196787
               ],
               "class 1": [
                  0.5808080808080808,
                  0.601010101010101,
                  0.5883838383838383,
                  0.5631313131313131,
                  0.6035353535353535
               ]
            },
            "ddn": {
               "global": [
                  0.3658099352051836,
                  0.357365010799136,
                  0.36192224622030233,
                  0.3474298056155508,
                  0.36629310344827587
               ],
               "class 0": [
                  0.27939577039274927,
                  0.26722054380664656,
                  0.27132930513595166,
                  0.2621752265861027,
                  0.27370481927710844
               ],
               "class 1": [
                  0.5825000000000001,
                  0.5834090909090911,
                  0.589090909090909,
                  0.561212121212121,
                  0.5991666666666667
               ]
            }
         },
         "mean_folds": {
            "kdn": {
               "global": 0.36096205407015713,
               "class 0": 0.27072641017241167,
               "class 1": 0.5873737373737373
            },
            "ddn": {
               "global": 0.3597640202576898,
               "class 0": 0.2707651330397117,
               "class 1": 0.5830757575757576
            }
         },
         "global": {
            "kdn": {
               "global": 0.358664363845711,
               "class 0": 0.26489533011272137,
               "class 1": 0.5939393939393939
            },
            "ddn": {
               "global": 0.35728842832469776,
               "class 0": 0.26920289855072466,
               "class 1": 0.5783030303030303
            }
         }
      },
      "4": {
         "folds": {
            "kdn": {
               "global": [
                  0.367170626349892,
                  0.36285097192224625,
                  0.3623110151187905,
                  0.36123110151187904,
                  0.3723060344827586
               ],
               "class 0": [
                  0.27794561933534745,
                  0.2681268882175227,
                  0.27492447129909364,
                  0.2688821752265861,
                  0.2838855421686747
               ],
               "class 1": [
                  0.5909090909090909,
                  0.6003787878787878,
                  0.5814393939393939,
                  0.5928030303030303,
                  0.5946969696969697
               ]
            },
            "ddn": {
               "global": [
                  0.37801295896328296,
                  0.3758099352051836,
                  0.3723974082073434,
                  0.3535205183585313,
                  0.3748060344827587
               ],