{
   "ionosphere": {
      "1": {
         "folds": {
            "kdn": {
               "global": [
                  0.1392857142857143,
                  0.12455516014234876,
                  0.13167259786476868,
                  0.13523131672597866,
                  0.12099644128113879
               ],
               "class 0": [
                  0.03333333333333333,
                  0.027777777777777776,
                  0.016666666666666666,
                  0.016666666666666666,
                  0.027777777777777776
               ],
               "class 1": [
                  0.33,
                  0.297029702970297,
                  0.33663366336633666,
                  0.3465346534653465,
                  0.2871287128712871
               ]
            },
            "ddn": {
               "global": [
                  0.1392857142857143,
                  0.12455516014234876,
                  0.13167259786476868,
                  0.13523131672597866,
                  0.12099644128113879
               ],
               "class 0": [
                  0.03333333333333333,
                  0.027777777777777776,
                  0.016666666666666666,
                  0.016666666666666666,
                  0.027777777777777776
               ],
               "class 1": [
                  0.33,
                  0.297029702970297,
                  0.33663366336633666,
                  0.3465346534653465,
                  0.2871287128712871
               ]
            }
         },
         "mean_folds": {
            "kdn": {
               "global": 0.13034824605998985,
               "class 0": 0.024444444444444442,
               "class 1": 0.31946534653465347
            },
            "ddn": {
               "global": 0.13034824605998985,
               "class 0": 0.024444444444444442,
               "class 1": 0.31946534653465347
            }
         },
         "global": {
            "kdn": {
               "global": 0.1339031339031339,
               "class 0": 0.02666666666666667,
               "class 1": 0.3253968253968254
            },
            "ddn": {
               "global": 0.1339031339031339,
               "class 0": 0.02666666666666667,
               "class 1": 0.3253968253968254
            }
         }
      },
      "2": {
         "folds": {
            "kdn": {
               "global": [
                  0.15,
                  0.11743772241992882,
                  0.15480427046263345,
                  0.1583629893238434,
                  0.1494661921708185
               ],
               "class 0": [
                  0.03333333333333333,
                  0.022222222222222223,
                  0.019444444444444445,
                  0.022222222222222223,
                  0.027777777777777776
               ],
               "class 1": [
                  0.36,
                  0.2871287128712871,
                  0.39603960396039606,
                  0.400990099009901,
                  0.36633663366336633
               ]
            },
            "ddn": {
               "global": [
                  0.15824999999999997,
                  0.13786476868327402,
                  0.17395017793594306,
                  0.1807829181494662,
                  0.1723487544483986
               ],
               "class 0": [
                  0.026333333333333334,
                  0.020777777777777777,
                  0.01688888888888889,
                  0.02327777777777778,
                  0.0215
               ],
               "class 1": [
                  0.3957,
                  0.3465346534653466,
                  0.4538613861386138,
                  0.4614851485148515,
                  0.4411881188118812
               ]
            }
         },
         "mean_folds": {
            "kdn": {
               "global": 0.14601423487544482,
               "class 0": 0.025,
               "class 1": 0.3620990099009901
            },
            "ddn": {
               "global": 0.16463932384341637,
               "class 0": 0.021755555555555556,
               "class 1": 0.4197538613861386
            }
         },
         "global": {
            "kdn": {
               "global": 0.1396011396011396,
               "class 0": 0.02666666666666667,
               "class 1": 0.3412698412698413
            },
            "ddn": {
               "global": 0.15763532763532764,
               "class 0": 0.02,
               "class 1": 0.40341269841269844
            }
         }
      },
      "3": {
         "folds": {
            "kdn": {
               "global": [
                  0.15833333333333333,
                  0.13167259786476868,
                  0.15776986951364175,
                  0.17912218268090152,
                  0.16488730723606168
               ],
               "class 0": [
                  0.03148148148148148,
                  0.02037037037037037,
                  0.018518518518518517,
                  0.02222222222222222,
                  0.024074074074074074
               ],
               "class 1": [
                  0.38666666666666666,
                  0.33003300330033,
                  0.40594059405940597,
                  0.4587458745874587,
                  0.4158415841584158
               ]
            },
            "ddn": {
               "global": [
                  0.2051785714285714,
                  0.1809964412811388,
                  0.21814946619217085,
                  0.2220284697508897,
                  0.22256227758007116
               ],
               "class 0": [
                  0.03183333333333334,
                  0.02,
                  0.022611111111111113,
                  0.021833333333333337,
                  0.025277777777777777
               ],
               "class 1": [
                  0.5171999999999999,
                  0.46792079207920784,
                  0.5666336633663367,
                  0.5788118811881188,
                  0.574158415841584
               ]
            }
         },
         "mean_folds": {
            "kdn": {
               "global": 0.1583570581257414,
               "class 0": 0.023333333333333334,
               "class 1": 0.3994455445544554
            },
            "ddn": {
               "global": 0.20978304524656838,
               "class 0": 0.024311111111111113,
               "class 1": 0.5409449504950494
            }
         },
         "global": {
            "kdn": {
               "global": 0.15384615384615385,
               "class 0": 0.022222222222222223,
               "class 1": 0.3888888888888888
            },
            "ddn": {
               "global": 0.20729344729344726,
               "class 0": 0.02475555555555556,
               "class 1": 0.5332539682539682
            }
         }
      },
      "4": {
         "folds": {
            "kdn": {
               "global": [
                  0.16517857142857142,
                  0.13434163701067617,
                  0.16459074733096085,
                  0.18238434163701067,
                  0.17704626334519574
               ],
               "class 0": [
                  0.03333333333333333,
                  0.022222222222222223,
                  0.018055555555555554,
                  0.02361111111111111,
                  0.02361111111111111
               ],
               "class 1": [
                  0.4025,
                  0.3341584158415842,
                  0.42574257425742573,
                  0.46534653465346537,
                  0.4504950495049505
               ]
            },
            "ddn": {
               "global": [
                  0.2315357142857143,
                  0.2106761565836299,
                  0.23718861209964415,
                  0.24935943060498222,
                  0.24295373665480427
               ],