{
   "kr_vs_kp": {
      "1": {
         "folds": {
            "kdn": {
               "global": [
                  0.05712050078247261,
                  0.06804849432929214,
                  0.08877590926867422,
                  0.06179116151740321,
                  0.07391474384043802
               ],
               "class 0": [
                  0.05543071161048689,
                  0.06666666666666667,
                  0.08464419475655431,
                  0.0599250936329588,
                  0.0658682634730539
               ],
               "class 1": [
                  0.05896805896805897,
                  0.06955810147299508,
                  0.09328968903436989,
                  0.06382978723404255,
                  0.08271908271908272
               ]
            },
            "ddn": {
               "global": [
                  0.05712050078247261,
                  0.06804849432929214,
                  0.0885803676183027,
                  0.06159561986703168,
                  0.07391474384043802
               ],
               "class 0": [
                  0.05543071161048689,
                  0.06666666666666667,
                  0.08464419475655431,
                  0.0599250936329588,
                  0.0658682634730539
               ],
               "class 1": [
                  0.05896805896805897,
                  0.06955810147299508,
                  0.09288052373158756,
                  0.06342062193126023,
                  0.08271908271908272
               ]
            }
         },
         "mean_folds": {
            "kdn": {
               "global": 0.06993016194765603,
               "class 0": 0.06650698602794411,
               "class 1": 0.07367294388570984
            },
            "ddn": {
               "global": 0.06985194528750742,
               "class 0": 0.06650698602794411,
               "class 1": 0.07350927776459691
            }
         },
         "global": {
            "kdn": {
               "global": 0.07822277847309136,
               "class 0": 0.07549430796884361,
               "class 1": 0.08120497707924033
            },
            "ddn": {
               "global": 0.07806633291614518,
               "class 0": 0.07549430796884361,
               "class 1": 0.08087753765553372
            }
         }
      },
      "2": {
         "folds": {
            "kdn": {
               "global": [
                  0.06964006259780908,
                  0.07763003519749706,
                  0.09679311693390692,
                  0.07313257723895189,
                  0.07528353539303871
               ],
               "class 0": [
                  0.06254681647940075,
                  0.07340823970037454,
                  0.08726591760299625,
                  0.06591760299625468,
                  0.0654940119760479
               ],
               "class 1": [
                  0.0773955773955774,
                  0.08224222585924713,
                  0.1072013093289689,
                  0.08101472995090016,
                  0.085995085995086
               ]
            },
            "ddn": {
               "global": [
                  0.06655320813771519,
                  0.07482596793116934,
                  0.09409855299178725,
                  0.07243644896362925,
                  0.07315213140398906
               ],
               "class 0": [
                  0.06084644194756555,
                  0.07053932584269662,
                  0.08442696629213484,
                  0.0655505617977528,
                  0.06474550898203593
               ],
               "class 1": [
                  0.07279279279279277,
                  0.0795090016366612,
                  0.1046644844517185,
                  0.07995908346972176,
                  0.08235053235053236
               ]
            }
         },
         "mean_folds": {
            "kdn": {
               "global": 0.07849586547224073,
               "class 0": 0.07092651775101481,
               "class 1": 0.08676978570595592
            },
            "ddn": {
               "global": 0.07621326188565801,
               "class 0": 0.06922176097243715,
               "class 1": 0.08385517894028531
            }
         },
         "global": {
            "kdn": {
               "global": 0.08322903629536921,
               "class 0": 0.07489514679448772,
               "class 1": 0.09233791748526522
            },
            "ddn": {
               "global": 0.08112327909887358,
               "class 0": 0.07336728579988017,
               "class 1": 0.08960052390307792
            }
         }
      },
      "3": {
         "folds": {
            "kdn": {
               "global": [
                  0.08424621804903494,
                  0.09438143657932474,
                  0.12006257332811889,
                  0.1038977968974058,
                  0.10194238039369051
               ],
               "class 0": [
                  0.07965043695380773,
                  0.09263420724094881,
                  0.10786516853932585,
                  0.09687890137328338,
                  0.09281437125748503
               ],
               "class 1": [
                  0.08927108927108927,
                  0.09629023458810693,
                  0.13338788870703763,
                  0.1115657392253137,
                  0.11193011193011192
               ]
            },
            "ddn": {
               "global": [
                  0.08235133020344289,
                  0.09323034806413766,
                  0.11952287837309347,
                  0.09919827923347674,
                  0.10102854908095424
               ],
               "class 0": [
                  0.07837453183520598,
                  0.09168539325842696,
                  0.10890636704119849,
                  0.09169288389513108,
                  0.0934880239520958
               ],
               "class 1": [
                  0.0866994266994267,
                  0.09491816693944354,
                  0.13112111292962358,
                  0.10739770867430443,
                  0.10927927927927929
               ]
            }
         },
         "mean_folds": {
            "kdn": {
               "global": 0.10090608104951497,
               "class 0": 0.09396861707297015,
               "class 1": 0.1084890127443319
            },
            "ddn": {
               "global": 0.099066276991021,
               "class 0": 0.09282943999641166,
               "class 1": 0.1058831389044155
            }
         },
         "global": {
            "kdn": {
               "global": 0.10700876095118898,
               "class 0": 0.0992610345516277,
               "class 1": 0.11547697009386595
            },
            "ddn": {
               "global": 0.10557884856070089,
               "class 0": 0.09840023966446972,
               "class 1": 0.1134250163719712
            }
         }
      },
      "4": {
         "folds": {
            "kdn": {
               "global": [
                  0.09428794992175274,
                  0.10256159561986704,
                  0.12700430191630818,
                  0.10999217833398514,
                  0.10715682440359797
               ],
               "class 0": [
                  0.0902621722846442,
                  0.10112359550561797,
                  0.11666666666666667,
                  0.1052434456928839,
                  0.09880239520958084
               ],
               "class 1": [
                  0.09868959868959869,
                  0.10413256955810148,
                  0.13829787234042554,
                  0.11518003273322422,
                  0.1162981162981163
               ]
            },