{
   "liver-disorders": {
      "1": {
         "folds": {
            "kdn": {
               "global": [
                  0.3103448275862069,
                  0.3706896551724138,
                  0.3448275862068966,
                  0.3879310344827586,
                  0.35344827586206895
               ],
               "class 0": [
                  0.2638888888888889,
                  0.2777777777777778,
                  0.2638888888888889,
                  0.2916666666666667,
                  0.25
               ],
               "class 1": [
                  0.38636363636363635,
                  0.5227272727272727,
                  0.4772727272727273,
                  0.5454545454545454,
                  0.5227272727272727
               ]
            },
            "ddn": {
               "global": [
                  0.3146551724137931,
                  0.375,
                  0.3448275862068966,
                  0.3922413793103448,
                  0.35344827586206895
               ],
               "class 0": [
                  0.2708333333333333,
                  0.2847222222222222,
                  0.2638888888888889,
                  0.2986111111111111,
                  0.25
               ],
               "class 1": [
                  0.38636363636363635,
                  0.5227272727272727,
                  0.4772727272727273,
                  0.5454545454545454,
                  0.5227272727272727
               ]
            }
         },
         "mean_folds": {
            "kdn": {
               "global": 0.353448275862069,
               "class 0": 0.2694444444444445,
               "class 1": 0.49090909090909085
            },
            "ddn": {
               "global": 0.3560344827586207,
               "class 0": 0.27361111111111114,
               "class 1": 0.49090909090909085
            }
         },
         "global": {
            "kdn": {
               "global": 0.33793103448275863,
               "class 0": 0.25555555555555554,
               "class 1": 0.4727272727272727
            },
            "ddn": {
               "global": 0.3413793103448276,
               "class 0": 0.2611111111111111,
               "class 1": 0.4727272727272727
            }
         }
      },
      "2": {
         "folds": {
            "kdn": {
               "global": [
                  0.30603448275862066,
                  0.3706896551724138,
                  0.36637931034482757,
                  0.3620689655172414,
                  0.3577586206896552
               ],
               "class 0": [
                  0.2638888888888889,
                  0.2638888888888889,
                  0.2847222222222222,
                  0.2777777777777778,
                  0.2777777777777778
               ],
               "class 1": [
                  0.375,
                  0.5454545454545454,
                  0.5,
                  0.5,
                  0.48863636363636365
               ]
            },
            "ddn": {
               "global": [
                  0.29551724137931035,
                  0.36267241379310344,
                  0.3599137931034483,
                  0.3476724137931035,
                  0.3512068965517241
               ],
               "class 0": [
                  0.2569444444444444,
                  0.2840277777777778,
                  0.29527777777777775,
                  0.2858333333333334,
                  0.28777777777777774
               ],
               "class 1": [
                  0.35863636363636364,
                  0.4913636363636364,
                  0.46568181818181825,
                  0.44886363636363635,
                  0.455
               ]
            }
         },
         "mean_folds": {
            "kdn": {
               "global": 0.35258620689655173,
               "class 0": 0.2736111111111111,
               "class 1": 0.4818181818181818
            },
            "ddn": {
               "global": 0.34339655172413797,
               "class 0": 0.2819722222222222,
               "class 1": 0.4439090909090909
            }
         },
         "global": {
            "kdn": {
               "global": 0.35172413793103446,
               "class 0": 0.2777777777777778,
               "class 1": 0.4727272727272727
            },
            "ddn": {
               "global": 0.34344827586206894,
               "class 0": 0.2911111111111111,
               "class 1": 0.42909090909090913
            }
         }
      },
      "3": {
         "folds": {
            "kdn": {
               "global": [
                  0.3218390804597701,
                  0.39080459770114945,
                  0.3706896551724138,
                  0.3591954022988506,
                  0.3477011494252873
               ],
               "class 0": [
                  0.25,
                  0.2962962962962963,
                  0.3009259259259259,
                  0.2824074074074074,
                  0.28703703703703703
               ],
               "class 1": [
                  0.4393939393939393,
                  0.5454545454545454,
                  0.4848484848484848,
                  0.48484848484848475,
                  0.4469696969696969
               ]
            },
            "ddn": {
               "global": [
                  0.29784482758620695,
                  0.3642241379310345,
                  0.3633620689655172,
                  0.3510344827586207,
                  0.35431034482758617
               ],
               "class 0": [
                  0.22180555555555556,
                  0.27319444444444446,
                  0.2822222222222222,
                  0.2645833333333333,
                  0.28125
               ],
               "class 1": [
                  0.4222727272727273,
                  0.5131818181818182,
                  0.49613636363636365,
                  0.49249999999999994,
                  0.4738636363636364
               ]
            }
         },
         "mean_folds": {
            "kdn": {
               "global": 0.35804597701149427,
               "class 0": 0.2833333333333333,
               "class 1": 0.4803030303030302
            },
            "ddn": {
               "global": 0.3461551724137931,
               "class 0": 0.2646111111111111,
               "class 1": 0.47959090909090907
            }
         },
         "global": {
            "kdn": {
               "global": 0.3540229885057471,
               "class 0": 0.2777777777777778,
               "class 1": 0.47878787878787876
            },
            "ddn": {
               "global": 0.34455172413793106,
               "class 0": 0.2657777777777778,
               "class 1": 0.47345454545454546
            }
         }
      },
      "4": {
         "folds": {
            "kdn": {
               "global": [
                  0.30387931034482757,
                  0.38146551724137934,
                  0.3771551724137931,
                  0.3706896551724138,
                  0.35560344827586204
               ],
               "class 0": [
                  0.2326388888888889,
                  0.2847222222222222,
                  0.2951388888888889,
                  0.2777777777777778,
                  0.28125
               ],
               "class 1": [
                  0.42045454545454547,
                  0.5397727272727273,
                  0.5113636363636364,
                  0.5227272727272727,
                  0.4772727272727273
               ]
            },
            "ddn": {
               "global": [
                  0.3112068965517242,
                  0.3868965517241379,
                  0.3745689655172414,
                  0.355,
                  0.3524137931034482
               ],