{
   "mammographic": {
      "1": {
         "folds": {
            "kdn": {
               "global": [
                  0.22439759036144577,
                  0.2469879518072289,
                  0.22740963855421686,
                  0.23644578313253012,
                  0.21234939759036145
               ],
               "class 0": [
                  0.24269005847953215,
                  0.24561403508771928,
                  0.23976608187134502,
                  0.2316715542521994,
                  0.21994134897360704
               ],
               "class 1": [
                  0.20496894409937888,
                  0.2484472049689441,
                  0.21428571428571427,
                  0.24148606811145512,
                  0.2043343653250774
               ]
            },
            "ddn": {
               "global": [
                  0.2626204819277108,
                  0.2858433734939759,
                  0.26727409638554217,
                  0.2747740963855422,
                  0.27155120481927714
               ],
               "class 0": [
                  0.247953216374269,
                  0.272953216374269,
                  0.2719298245614035,
                  0.27287390029325514,
                  0.2705865102639296
               ],
               "class 1": [
                  0.2781987577639752,
                  0.29953416149068324,
                  0.2623291925465838,
                  0.27678018575851393,
                  0.27256965944272443
               ]
            }
         },
         "mean_folds": {
            "kdn": {
               "global": 0.22951807228915663,
               "class 0": 0.2359366157328806,
               "class 1": 0.22270445935811395
            },
            "ddn": {
               "global": 0.27241265060240966,
               "class 0": 0.26725933357342524,
               "class 1": 0.2778823914004961
            }
         },
         "global": {
            "kdn": {
               "global": 0.22289156626506024,
               "class 0": 0.2224824355971897,
               "class 1": 0.22332506203473945
            },
            "ddn": {
               "global": 0.27103614457831327,
               "class 0": 0.26639344262295084,
               "class 1": 0.27595533498759306
            }
         }
      },
      "2": {
         "folds": {
            "kdn": {
               "global": [
                  0.2319277108433735,
                  0.24849397590361447,
                  0.2575301204819277,
                  0.2628012048192771,
                  0.2341867469879518
               ],
               "class 0": [
                  0.22953216374269006,
                  0.2412280701754386,
                  0.2631578947368421,
                  0.2653958944281525,
                  0.24486803519061584
               ],
               "class 1": [
                  0.234472049689441,
                  0.2562111801242236,
                  0.2515527950310559,
                  0.26006191950464397,
                  0.22291021671826625
               ]
            },
            "ddn": {
               "global": [
                  0.2686746987951807,
                  0.2820331325301205,
                  0.2861144578313253,
                  0.2846987951807229,
                  0.2842921686746988
               ],
               "class 0": [
                  0.2554385964912281,
                  0.2688011695906433,
                  0.2823684210526316,
                  0.28087976539589443,
                  0.2831378299120235
               ],
               "class 1": [
                  0.2827329192546584,
                  0.29608695652173916,
                  0.29009316770186333,
                  0.2887306501547987,
                  0.28551083591331267
               ]
            }
         },
         "mean_folds": {
            "kdn": {
               "global": 0.24698795180722888,
               "class 0": 0.24883641165474782,
               "class 1": 0.24504163221352612
            },
            "ddn": {
               "global": 0.28116265060240964,
               "class 0": 0.27412515648848423,
               "class 1": 0.2886309059092745
            }
         },
         "global": {
            "kdn": {
               "global": 0.24819277108433735,
               "class 0": 0.2540983606557377,
               "class 1": 0.24193548387096775
            },
            "ddn": {
               "global": 0.28427710843373494,
               "class 0": 0.27782201405152224,
               "class 1": 0.2911166253101737
            }
         }
      },
      "3": {
         "folds": {
            "kdn": {
               "global": [
                  0.24548192771084337,
                  0.24799196787148592,
                  0.2615461847389558,
                  0.2610441767068273,
                  0.2540160642570281
               ],
               "class 0": [
                  0.21929824561403508,
                  0.25146198830409355,
                  0.25536062378167634,
                  0.25219941348973607,
                  0.25024437927663734
               ],
               "class 1": [
                  0.2732919254658385,
                  0.24430641821946167,
                  0.2681159420289855,
                  0.2703818369453044,
                  0.25799793601651183
               ]
            },
            "ddn": {
               "global": [
                  0.2746987951807229,
                  0.29128012048192775,
                  0.29362951807228915,
                  0.287289156626506,
                  0.2928313253012048
               ],
               "class 0": [
                  0.2627485380116959,
                  0.2827777777777778,
                  0.279327485380117,
                  0.2840175953079179,
                  0.28428152492668624
               ],
               "class 1": [
                  0.2873913043478261,
                  0.3003105590062112,
                  0.3088198757763975,
                  0.29074303405572754,
                  0.3018575851393189
               ]
            }
         },
         "mean_folds": {
            "kdn": {
               "global": 0.2540160642570281,
               "class 0": 0.24571293009323564,
               "class 1": 0.2628188117352204
            },
            "ddn": {
               "global": 0.28794578313253016,
               "class 0": 0.278630584280839,
               "class 1": 0.29782447166509624
            }
         },
         "global": {
            "kdn": {
               "global": 0.24979919678714857,
               "class 0": 0.24902419984387192,
               "class 1": 0.2506203473945409
            },
            "ddn": {
               "global": 0.2870240963855421,
               "class 0": 0.2808899297423888,
               "class 1": 0.29352357320099254
            }
         }
      },
      "4": {
         "folds": {
            "kdn": {
               "global": [
                  0.2522590361445783,
                  0.2560240963855422,
                  0.26543674698795183,
                  0.2605421686746988,
                  0.2609186746987952
               ],
               "class 0": [
                  0.2309941520467836,
                  0.2580409356725146,
                  0.2595029239766082,
                  0.25513196480938416,
                  0.2727272727272727
               ],
               "class 1": [
                  0.2748447204968944,
                  0.25388198757763975,
                  0.2717391304347826,
                  0.26625386996904027,
                  0.24845201238390094
               ]
            },
            "ddn": {
               "global": [
                  0.2723493975903614,
                  0.29231927710843375,
                  0.29081325301204825,
                  0.28816265060240964,
                  0.29105421686746985
               ],