{
   "mushroom": {
      "1": {
         "folds": {
            "kdn": {
               "global": [
                  0.0,
                  0.0,
                  0.0,
                  0.0,
                  0.0
               ],
               "class 0": [
                  0.0,
                  0.0,
                  0.0,
                  0.0,
                  0.0
               ],
               "class 1": [
                  0.0,
                  0.0,
                  0.0,
                  0.0,
                  0.0
               ]
            },
            "ddn": {
               "global": [
                  0.0,
                  0.0,
                  0.0,
                  0.0,
                  0.0
               ],
               "class 0": [
                  0.0,
                  0.0,
                  0.0,
                  0.0,
                  0.0
               ],
               "class 1": [
                  0.0,
                  0.0,
                  0.0,
                  0.0,
                  0.0
               ]
            }
         },
         "mean_folds": {
            "kdn": {
               "global": 0.0,
               "class 0": 0.0,
               "class 1": 0.0
            },
            "ddn": {
               "global": 0.0,
               "class 0": 0.0,
               "class 1": 0.0
            }
         },
         "global": {
            "kdn": {
               "global": 0.0,
               "class 0": 0.0,
               "class 1": 0.0
            },
            "ddn": {
               "global": 0.0,
               "class 0": 0.0,
               "class 1": 0.0
            }
         }
      },
      "2": {
         "folds": {
            "kdn": {
               "global": [
                  0.0,
                  0.0,
                  0.0,
                  0.0,
                  0.0
               ],
               "class 0": [
                  0.0,
                  0.0,
                  0.0,
                  0.0,
                  0.0
               ],
               "class 1": [
                  0.0,
                  0.0,
                  0.0,
                  0.0,
                  0.0
               ]
            },
            "ddn": {
               "global": [
                  4.154485305431605e-05,
                  2.1541775657793508e-05,
                  6.154793045083858e-05,
                  0.00019387598092014156,
                  0.0001769230769230769
               ],
               "class 0": [
                  0.0,
                  0.0,
                  0.0,
                  0.0,
                  0.0
               ],
               "class 1": [
                  8.617938078518992e-05,
                  4.468560485157996e-05,
                  0.00012767315671879985,
                  0.00040229885057471265,
                  0.00036706032556654963
               ]
            }
         },
         "mean_folds": {
            "kdn": {
               "global": 0.0,
               "class 0": 0.0,
               "class 1": 0.0
            },
            "ddn": {
               "global": 9.908672340123333e-05,
               "class 0": 0.0,
               "class 1": 0.0002055794636993664
            }
         },
         "global": {
            "kdn": {
               "global": 0.0,
               "class 0": 0.0,
               "class 1": 0.0
            },
            "ddn": {
               "global": 4.923682914820284e-05,
               "class 0": 0.0,
               "class 1": 0.00010214504596527066
            }
         }
      },
      "3": {
         "folds": {
            "kdn": {
               "global": [
                  5.128994204236549e-05,
                  0.0,
                  0.00015386982612709647,
                  0.00010257988408473098,
                  5.128205128205128e-05
               ],
               "class 0": [
                  0.0,
                  0.0,
                  0.0,
                  0.0,
                  0.0
               ],
               "class 1": [
                  0.00010639429726566655,
                  0.0,
                  0.0003191828917969997,
                  0.00021285653469561513,
                  0.00010639429726566655
               ]
            },
            "ddn": {
               "global": [
                  0.0003385136174796123,
                  0.000130789352208032,
                  0.00048161255577781187,
                  0.00036005539313740573,
                  0.0003076923076923077
               ],
               "class 0": [
                  0.0,
                  2.376708259061199e-05,
                  0.0,
                  0.0,
                  0.0
               ],
               "class 1": [
                  0.0007022023619533994,
                  0.00024577082668368974,
                  0.0009990424513246089,
                  0.0007471264367816091,
                  0.0006383657835939994
               ]
            }
         },
         "mean_folds": {
            "kdn": {
               "global": 7.180434070724885e-05,
               "class 0": 0.0,
               "class 1": 0.0001489656042047896
            },
            "ddn": {
               "global": 0.00032373264525903395,
               "class 0": 4.753416518122398e-06,
               "class 1": 0.0006665015720674612
            }
         },
         "global": {
            "kdn": {
               "global": 0.0,
               "class 0": 0.0,
               "class 1": 0.0
            },
            "ddn": {
               "global": 0.00013047759724273757,
               "class 0": 0.0,
               "class 1": 0.0002706843718079673
            }
         }
      },
      "4": {
         "folds": {
            "kdn": {
               "global": [
                  0.00011540236959532236,
                  7.693491306354824e-05,
                  0.0002308047391906447,
                  0.00030773965225419295,
                  0.00015384615384615385
               ],
               "class 0": [
                  0.0,
                  0.0,
                  0.0,
                  0.0,
                  0.0
               ],
               "class 1": [
                  0.00023938716884774975,
                  0.00015959144589849984,
                  0.0004787743376954995,
                  0.0006385696040868455,
                  0.0003191828917969997
               ]
            },
            "ddn": {
               "global": [
                  0.0010278504385290044,
                  0.0004292968148945992,
                  0.000918602861978766,
                  0.0008632097245730113,
                  0.0007030769230769231
               ],
               "class 0": [
                  0.00028223410576351754,
                  0.00010992275698158051,
                  0.0003178847296494356,
                  0.00016335016335016335,
                  0.00034155034155034154
               ],
               "class 1": [
                  0.0018289179699968084,
                  0.0007724225981487392,
                  0.001563996169805298,
                  0.0016155810983397192,
                  0.001091605489945739
               ]
            }
         },
         "mean_folds": {
            "kdn": {
               "global": 0.00017694556558997242,
               "class 0": 0.0,
               "class 1": 0.00036710108966511886
            },
            "ddn": {
               "global": 0.0007884073526104608,
               "class 0": 0.0002429884194590077,
               "class 1": 0.0013745046652472608
            }
         },
         "global": {
            "kdn": {
               "global": 6.154603643525357e-05,
               "class 0": 0.0,
               "class 1": 0.00012768130745658836
            },
            "ddn": {
               "global": 0.0003397341211225997,
               "class 0": 6.653992395437263e-05,