{
   "r2": {
      "1": {
         "folds": {
            "kdn": {
               "global": [
                  0.34782608695652173,
                  0.3225806451612903,
                  0.3225806451612903,
                  0.26881720430107525,
                  0.27956989247311825
               ],
               "class 0": [
                  0.35294117647058826,
                  0.3269230769230769,
                  0.3333333333333333,
                  0.29411764705882354,
                  0.2549019607843137
               ],
               "class 1": [
                  0.34146341463414637,
                  0.3170731707317073,
                  0.30952380952380953,
                  0.23809523809523808,
                  0.30952380952380953
               ]
            },
            "ddn": {
               "global": [
                  0.34782608695652173,
                  0.3225806451612903,
                  0.3225806451612903,
                  0.26881720430107525,
                  0.27956989247311825
               ],
               "class 0": [
                  0.35294117647058826,
                  0.3269230769230769,
                  0.3333333333333333,
                  0.29411764705882354,
                  0.2549019607843137
               ],
               "class 1": [
                  0.34146341463414637,
                  0.3170731707317073,
                  0.30952380952380953,
                  0.23809523809523808,
                  0.30952380952380953
               ]
            }
         },
         "mean_folds": {
            "kdn": {
               "global": 0.3082748948106592,
               "class 0": 0.31244343891402715,
               "class 1": 0.30313588850174217
            },
            "ddn": {
               "global": 0.3082748948106592,
               "class 0": 0.31244343891402715,
               "class 1": 0.30313588850174217
            }
         },
         "global": {
            "kdn": {
               "global": 0.31896551724137934,
               "class 0": 0.3125,
               "class 1": 0.3269230769230769
            },
            "ddn": {
               "global": 0.31896551724137934,
               "class 0": 0.3125,
               "class 1": 0.3269230769230769
            }
         }
      },
      "2": {
         "folds": {
            "kdn": {
               "global": [
                  0.3641304347826087,
                  0.3172043010752688,
                  0.34946236559139787,
                  0.3010752688172043,
                  0.24731182795698925
               ],
               "class 0": [
                  0.37254901960784315,
                  0.3173076923076923,
                  0.37254901960784315,
                  0.3333333333333333,
                  0.22549019607843138
               ],
               "class 1": [
                  0.35365853658536583,
                  0.3170731707317073,
                  0.32142857142857145,
                  0.2619047619047619,
                  0.27380952380952384
               ]
            },
            "ddn": {
               "global": [
                  0.36163043478260876,
                  0.34258064516129033,
                  0.3323655913978495,
                  0.316989247311828,
                  0.29043010752688175
               ],
               "class 0": [
                  0.37176470588235294,
                  0.35038461538461535,
                  0.3382352941176471,
                  0.36764705882352944,
                  0.2796078431372549
               ],
               "class 1": [
                  0.3490243902439024,
                  0.3326829268292683,
                  0.3252380952380952,
                  0.25547619047619047,
                  0.30357142857142855
               ]
            }
         },
         "mean_folds": {
            "kdn": {
               "global": 0.3158368396446938,
               "class 0": 0.32424585218702867,
               "class 1": 0.305574912891986
            },
            "ddn": {
               "global": 0.32879920523609163,
               "class 0": 0.3415279034690799,
               "class 1": 0.313198606271777
            }
         },
         "global": {
            "kdn": {
               "global": 0.3275862068965517,
               "class 0": 0.3359375,
               "class 1": 0.3173076923076923
            },
            "ddn": {
               "global": 0.3319827586206897,
               "class 0": 0.34109375,
               "class 1": 0.3207692307692308
            }
         }
      },
      "3": {
         "folds": {
            "kdn": {
               "global": [
                  0.3768115942028985,
                  0.32974910394265233,
                  0.36200716845878134,
                  0.3189964157706093,
                  0.27598566308243727
               ],
               "class 0": [
                  0.3856209150326797,
                  0.32692307692307687,
                  0.36601307189542487,
                  0.35294117647058826,
                  0.2483660130718954
               ],
               "class 1": [
                  0.36585365853658536,
                  0.3333333333333333,
                  0.35714285714285715,
                  0.2777777777777778,
                  0.30952380952380953
               ]
            },
            "ddn": {
               "global": [
                  0.3728260869565217,
                  0.38000000000000006,
                  0.3813978494623656,
                  0.363010752688172,
                  0.3209677419354839
               ],
               "class 0": [
                  0.38529411764705884,
                  0.36634615384615377,
                  0.3696078431372549,
                  0.38686274509803925,
                  0.30039215686274506
               ],
               "class 1": [
                  0.3573170731707317,
                  0.39731707317073167,
                  0.39571428571428563,
                  0.3340476190476191,
                  0.34595238095238096
               ]
            }
         },
         "mean_folds": {
            "kdn": {
               "global": 0.33270998909147576,
               "class 0": 0.33597285067873306,
               "class 1": 0.3287262872628726
            },
            "ddn": {
               "global": 0.36364048620850864,
               "class 0": 0.3617006033182504,
               "class 1": 0.36606968641114984
            }
         },
         "global": {
            "kdn": {
               "global": 0.3448275862068966,
               "class 0": 0.33854166666666663,
               "class 1": 0.35256410256410253
            },
            "ddn": {
               "global": 0.3646551724137931,
               "class 0": 0.35734375000000007,
               "class 1": 0.37365384615384617
            }
         }
      },
      "4": {
         "folds": {
            "kdn": {
               "global": [
                  0.358695652173913,
                  0.3467741935483871,
                  0.3467741935483871,
                  0.33064516129032256,
                  0.28225806451612906
               ],
               "class 0": [
                  0.37745098039215685,
                  0.33653846153846156,
                  0.3431372549019608,
                  0.35294117647058826,
                  0.2549019607843137
               ],
               "class 1": [
                  0.3353658536585366,
                  0.3597560975609756,
                  0.35119047619047616,
                  0.30357142857142855,
                  0.31547619047619047
               ]
            },
            "ddn": {
               "global": [
                  0.4118478260869565,
                  0.39365591397849453,
                  0.3889247311827957,
                  0.37139784946236565,
                  0.34548387096774197
               ],