{
   "sonar": {
      "1": {
         "folds": {
            "kdn": {
               "global": [
                  0.09036144578313253,
                  0.12650602409638553,
                  0.10240963855421686,
                  0.16167664670658682,
                  0.1317365269461078
               ],
               "class 0": [
                  0.07865168539325842,
                  0.0898876404494382,
                  0.045454545454545456,
                  0.11235955056179775,
                  0.10112359550561797
               ],
               "class 1": [
                  0.1038961038961039,
                  0.16883116883116883,
                  0.16666666666666666,
                  0.21794871794871795,
                  0.16666666666666666
               ]
            },
            "ddn": {
               "global": [
                  0.09036144578313253,
                  0.12650602409638553,
                  0.10240963855421686,
                  0.16167664670658682,
                  0.1317365269461078
               ],
               "class 0": [
                  0.07865168539325842,
                  0.0898876404494382,
                  0.045454545454545456,
                  0.11235955056179775,
                  0.10112359550561797
               ],
               "class 1": [
                  0.1038961038961039,
                  0.16883116883116883,
                  0.16666666666666666,
                  0.21794871794871795,
                  0.16666666666666666
               ]
            }
         },
         "mean_folds": {
            "kdn": {
               "global": 0.1225380564172859,
               "class 0": 0.08549540347293157,
               "class 1": 0.1648018648018648
            },
            "ddn": {
               "global": 0.1225380564172859,
               "class 0": 0.08549540347293157,
               "class 1": 0.1648018648018648
            }
         },
         "global": {
            "kdn": {
               "global": 0.125,
               "class 0": 0.09009009009009009,
               "class 1": 0.16494845360824742
            },
            "ddn": {
               "global": 0.125,
               "class 0": 0.09009009009009009,
               "class 1": 0.16494845360824742
            }
         }
      },
      "2": {
         "folds": {
            "kdn": {
               "global": [
                  0.12048192771084337,
                  0.1686746987951807,
                  0.14156626506024098,
                  0.19161676646706588,
                  0.17065868263473055
               ],
               "class 0": [
                  0.0898876404494382,
                  0.1348314606741573,
                  0.06818181818181818,
                  0.12359550561797752,
                  0.1348314606741573
               ],
               "class 1": [
                  0.15584415584415584,
                  0.2077922077922078,
                  0.22435897435897437,
                  0.2692307692307692,
                  0.21153846153846154
               ]
            },
            "ddn": {
               "global": [
                  0.13018072289156626,
                  0.16066265060240964,
                  0.15481927710843374,
                  0.2002395209580838,
                  0.1789820359281437
               ],
               "class 0": [
                  0.09247191011235956,
                  0.12134831460674159,
                  0.08045454545454546,
                  0.11202247191011237,
                  0.13303370786516855
               ],
               "class 1": [
                  0.17376623376623376,
                  0.20610389610389612,
                  0.23871794871794874,
                  0.30089743589743584,
                  0.23141025641025637
               ]
            }
         },
         "mean_folds": {
            "kdn": {
               "global": 0.1585996681336123,
               "class 0": 0.11026557711950971,
               "class 1": 0.21375291375291372
            },
            "ddn": {
               "global": 0.16497684149772743,
               "class 0": 0.10786618998978552,
               "class 1": 0.2301791541791542
            }
         },
         "global": {
            "kdn": {
               "global": 0.16105769230769232,
               "class 0": 0.12162162162162163,
               "class 1": 0.20618556701030927
            },
            "ddn": {
               "global": 0.16802884615384617,
               "class 0": 0.11135135135135135,
               "class 1": 0.23288659793814437
            }
         }
      },
      "3": {
         "folds": {
            "kdn": {
               "global": [
                  0.1365461847389558,
                  0.1606425702811245,
                  0.1546184738955823,
                  0.20359281437125748,
                  0.18562874251497005
               ],
               "class 0": [
                  0.08614232209737827,
                  0.11985018726591759,
                  0.06818181818181818,
                  0.12359550561797752,
                  0.14606741573033707
               ],
               "class 1": [
                  0.1948051948051948,
                  0.20779220779220778,
                  0.25213675213675213,
                  0.2948717948717949,
                  0.23076923076923078
               ]
            },
            "ddn": {
               "global": [
                  0.17114457831325303,
                  0.19331325301204816,
                  0.18831325301204824,
                  0.2334730538922156,
                  0.2026946107784431
               ],
               "class 0": [
                  0.12696629213483146,
                  0.1408988764044944,
                  0.10590909090909091,
                  0.13719101123595506,
                  0.15022471910112362
               ],
               "class 1": [
                  0.2222077922077922,
                  0.2538961038961039,
                  0.28128205128205125,
                  0.3433333333333334,
                  0.26256410256410256
               ]
            }
         },
         "mean_folds": {
            "kdn": {
               "global": 0.16820575716037803,
               "class 0": 0.10876744977868573,
               "class 1": 0.2360750360750361
            },
            "ddn": {
               "global": 0.19778774980160163,
               "class 0": 0.13223799795709906,
               "class 1": 0.27265667665667664
            }
         },
         "global": {
            "kdn": {
               "global": 0.16987179487179485,
               "class 0": 0.11411411411411411,
               "class 1": 0.23367697594501716
            },
            "ddn": {
               "global": 0.20533653846153843,
               "class 0": 0.1398198198198198,
               "class 1": 0.28030927835051545
            }
         }
      },
      "4": {
         "folds": {
            "kdn": {
               "global": [
                  0.16265060240963855,
                  0.18373493975903615,
                  0.1746987951807229,
                  0.22604790419161677,
                  0.2125748502994012
               ],
               "class 0": [
                  0.1151685393258427,
                  0.13764044943820225,
                  0.07386363636363637,
                  0.13202247191011235,
                  0.17134831460674158
               ],
               "class 1": [
                  0.21753246753246752,
                  0.237012987012987,
                  0.28846153846153844,
                  0.3333333333333333,
                  0.25961538461538464
               ]
            },
            "ddn": {
               "global": [
                  0.19578313253012047,
                  0.22819277108433736,
                  0.2190361445783133,
                  0.2609580838323353,
                  0.22335329341317364
               ],