{
   "splice": {
      "1": {
         "folds": {
            "kdn": {
               "global": [
                  0.3025,
                  0.33375,
                  0.3075,
                  0.305,
                  0.31
               ],
               "class 0": [
                  0.47699757869249393,
                  0.5108958837772397,
                  0.4830917874396135,
                  0.46618357487922707,
                  0.4830917874396135
               ],
               "class 1": [
                  0.11627906976744186,
                  0.14470284237726097,
                  0.11917098445595854,
                  0.13212435233160622,
                  0.12435233160621761
               ]
            },
            "ddn": {
               "global": [
                  0.3025,
                  0.333125,
                  0.308125,
                  0.305,
                  0.309375
               ],
               "class 0": [
                  0.47699757869249393,
                  0.5084745762711864,
                  0.4830917874396135,
                  0.46618357487922707,
                  0.48188405797101447
               ],
               "class 1": [
                  0.11627906976744186,
                  0.14599483204134367,
                  0.12046632124352331,
                  0.13212435233160622,
                  0.12435233160621761
               ]
            }
         },
         "mean_folds": {
            "kdn": {
               "global": 0.31175,
               "class 0": 0.4840521224456376,
               "class 1": 0.12732591610769703
            },
            "ddn": {
               "global": 0.311625,
               "class 0": 0.4833263150507071,
               "class 1": 0.12784338139802653
            }
         },
         "global": {
            "kdn": {
               "global": 0.304,
               "class 0": 0.47195357833655704,
               "class 1": 0.12422360248447205
            },
            "ddn": {
               "global": 0.304,
               "class 0": 0.4709864603481625,
               "class 1": 0.12525879917184266
            }
         }
      },
      "2": {
         "folds": {
            "kdn": {
               "global": [
                  0.32125,
                  0.333125,
                  0.325,
                  0.333125,
                  0.35
               ],
               "class 0": [
                  0.4975786924939467,
                  0.5084745762711864,
                  0.501207729468599,
                  0.5144927536231884,
                  0.5265700483091788
               ],
               "class 1": [
                  0.1330749354005168,
                  0.14599483204134367,
                  0.13601036269430053,
                  0.13860103626943004,
                  0.16062176165803108
               ]
            },
            "ddn": {
               "global": [
                  0.32611249999999997,
                  0.3362125,
                  0.33144999999999997,
                  0.33963750000000004,
                  0.35306250000000006
               ],
               "class 0": [
                  0.48670702179176756,
                  0.5053995157384988,
                  0.4971014492753624,
                  0.5056280193236714,
                  0.5080917874396135
               ],
               "class 1": [
                  0.15472868217054264,
                  0.15565891472868215,
                  0.1537823834196891,
                  0.1616062176165803,
                  0.18678756476683936
               ]
            }
         },
         "mean_folds": {
            "kdn": {
               "global": 0.3325,
               "class 0": 0.5096647600332199,
               "class 1": 0.1428605856127244
            },
            "ddn": {
               "global": 0.337295,
               "class 0": 0.5005855587137826,
               "class 1": 0.1625127525404667
            }
         },
         "global": {
            "kdn": {
               "global": 0.3255,
               "class 0": 0.5067698259187621,
               "class 1": 0.13146997929606624
            },
            "ddn": {
               "global": 0.33236,
               "class 0": 0.49932301740812374,
               "class 1": 0.15364389233954454
            }
         }
      },
      "3": {
         "folds": {
            "kdn": {
               "global": [
                  0.33583333333333326,
                  0.34791666666666665,
                  0.3425,
                  0.3395833333333333,
                  0.35083333333333333
               ],
               "class 0": [
                  0.5092816787732042,
                  0.5238095238095237,
                  0.5225442834138486,
                  0.5185185185185186,
                  0.5201288244766505
               ],
               "class 1": [
                  0.1507321274763135,
                  0.16020671834625322,
                  0.1493955094991364,
                  0.14766839378238342,
                  0.1692573402417962
               ]
            },
            "ddn": {
               "global": [
                  0.35018750000000004,
                  0.35700000000000004,
                  0.35253750000000006,
                  0.3641125,
                  0.3669875
               ],
               "class 0": [
                  0.5144794188861986,
                  0.5207021791767554,
                  0.5124154589371981,
                  0.528599033816425,
                  0.5267874396135265
               ],
               "class 1": [
                  0.17485788113695092,
                  0.1822997416020672,
                  0.1810621761658031,
                  0.18769430051813468,
                  0.1955958549222798
               ]
            }
         },
         "mean_folds": {
            "kdn": {
               "global": 0.3433333333333333,
               "class 0": 0.5188565657983492,
               "class 1": 0.15545201786917653
            },
            "ddn": {
               "global": 0.35816500000000007,
               "class 0": 0.5205967060860207,
               "class 1": 0.18430199086904714
            }
         },
         "global": {
            "kdn": {
               "global": 0.3363333333333333,
               "class 0": 0.513217279174726,
               "class 1": 0.14699792960662525
            },
            "ddn": {
               "global": 0.35334000000000004,
               "class 0": 0.5195164410058027,
               "class 1": 0.17546583850931677
            }
         }
      },
      "4": {
         "folds": {
            "kdn": {
               "global": [
                  0.3409375,
                  0.35375,
                  0.343125,
                  0.350625,
                  0.355625
               ],
               "class 0": [
                  0.5072639225181598,
                  0.5284503631961259,
                  0.5150966183574879,
                  0.5235507246376812,
                  0.5217391304347826
               ],
               "class 1": [
                  0.16343669250645995,
                  0.16731266149870802,
                  0.15867875647668395,
                  0.16515544041450778,
                  0.17746113989637305
               ]
            },
            "ddn": {
               "global": [
                  0.3646875,
                  0.37051249999999997,
                  0.36792500000000006,
                  0.37707499999999994,
                  0.3811625
               ],
               "class 0": [
                  0.5243099273607748,
                  0.5302179176755447,
                  0.5219806763285024,
                  0.5366425120772946,
                  0.5365217391304348
               ],