{
   "svmguide1": {
      "1": {
         "folds": {
            "kdn": {
               "global": [
                  0.03723188992310805,
                  0.045730473492513156,
                  0.05301497369486038,
                  0.04937272359368677,
                  0.040453074433656956
               ],
               "class 0": [
                  0.029375,
                  0.034375,
                  0.045,
                  0.0375,
                  0.03125
               ],
               "class 1": [
                  0.05166475315729047,
                  0.06659012629161883,
                  0.0677382319173364,
                  0.0711825487944891,
                  0.05733944954128441
               ]
            },
            "ddn": {
               "global": [
                  0.03763658437879401,
                  0.04593282072035613,
                  0.052812626467017405,
                  0.04917037636584379,
                  0.040453074433656956
               ],
               "class 0": [
                  0.029375,
                  0.0346875,
                  0.045,
                  0.0375,
                  0.03125
               ],
               "class 1": [
                  0.05281285878300804,
                  0.06659012629161883,
                  0.06716417910447761,
                  0.07060849598163031,
                  0.05733944954128441
               ]
            }
         },
         "mean_folds": {
            "kdn": {
               "global": 0.04516062702756506,
               "class 0": 0.0355,
               "class 1": 0.06290302194040384
            },
            "ddn": {
               "global": 0.04520109647313365,
               "class 0": 0.0355625,
               "class 1": 0.06290302194040384
            }
         },
         "global": {
            "kdn": {
               "global": 0.043056005179669794,
               "class 0": 0.0335,
               "class 1": 0.06060606060606061
            },
            "ddn": {
               "global": 0.04289414049854322,
               "class 0": 0.0335,
               "class 1": 0.06014692378328742
            }
         }
      },
      "2": {
         "folds": {
            "kdn": {
               "global": [
                  0.03824362606232295,
                  0.04937272359368677,
                  0.05483609874544719,
                  0.05200323755564549,
                  0.04571197411003236
               ],
               "class 0": [
                  0.0315625,
                  0.0375,
                  0.0446875,
                  0.039375,
                  0.0365625
               ],
               "class 1": [
                  0.0505166475315729,
                  0.0711825487944891,
                  0.07347876004592423,
                  0.07520091848450057,
                  0.0625
               ]
            },
            "ddn": {
               "global": [
                  0.04307567786321327,
                  0.05318089842169163,
                  0.058417644678267905,
                  0.056244435451234316,
                  0.04848300970873787
               ],
               "class 0": [
                  0.035387499999999995,
                  0.03928125,
                  0.046875,
                  0.043375,
                  0.03919375
               ],
               "class 1": [
                  0.05719862227324915,
                  0.07871412169919632,
                  0.07962112514351322,
                  0.07988518943742824,
                  0.06552752293577982
               ]
            }
         },
         "mean_folds": {
            "kdn": {
               "global": 0.04803353201342695,
               "class 0": 0.0379375,
               "class 1": 0.06657577497129735
            },
            "ddn": {
               "global": 0.051880333224629,
               "class 0": 0.0408225,
               "class 1": 0.07218931629783334
            }
         },
         "global": {
            "kdn": {
               "global": 0.047102622207834254,
               "class 0": 0.037,
               "class 1": 0.06565656565656566
            },
            "ddn": {
               "global": 0.05127873098089996,
               "class 0": 0.040150000000000005,
               "class 1": 0.07171717171717171
            }
         }
      },
      "3": {
         "folds": {
            "kdn": {
               "global": [
                  0.04168352893565358,
                  0.05085660326453527,
                  0.05638742749224335,
                  0.05544314042897611,
                  0.04692556634304207
               ],
               "class 0": [
                  0.031875,
                  0.03854166666666667,
                  0.04520833333333333,
                  0.04291666666666666,
                  0.03770833333333333
               ],
               "class 1": [
                  0.059701492537313425,
                  0.07347876004592423,
                  0.07692307692307693,
                  0.07845388442403367,
                  0.06383792048929664
               ]
            },
            "ddn": {
               "global": [
                  0.047252124645892346,
                  0.057324969647915815,
                  0.06306353702954269,
                  0.06280857952246054,
                  0.0523705501618123
               ],
               "class 0": [
                  0.03730625,
                  0.04293750000000001,
                  0.049318749999999995,
                  0.04907500000000001,
                  0.04215624999999999
               ],
               "class 1": [
                  0.0655223880597015,
                  0.08375430539609645,
                  0.08831228473019516,
                  0.08803673938002296,
                  0.07111238532110092
               ]
            }
         },
         "mean_folds": {
            "kdn": {
               "global": 0.05025925329289007,
               "class 0": 0.03924999999999999,
               "class 1": 0.07047902688392899
            },
            "ddn": {
               "global": 0.056563952201524735,
               "class 0": 0.044158750000000004,
               "class 1": 0.07934762057742341
            }
         },
         "global": {
            "kdn": {
               "global": 0.04963850221215064,
               "class 0": 0.039,
               "class 1": 0.0691766146311601
            },
            "ddn": {
               "global": 0.05568468760116542,
               "class 0": 0.042975,
               "class 1": 0.07902662993572085
            }
         }
      },
      "4": {
         "folds": {
            "kdn": {
               "global": [
                  0.04320113314447592,
                  0.05240793201133145,
                  0.05777013354917038,
                  0.0575677863213274,
                  0.049555016181229775
               ],
               "class 0": [
                  0.03375,
                  0.0390625,
                  0.04546875,
                  0.04484375,
                  0.04046875
               ],
               "class 1": [
                  0.06056257175660161,
                  0.07692307692307693,
                  0.08036739380022963,
                  0.0809414466130884,
                  0.06622706422018348
               ]
            },
            "ddn": {
               "global": [
                  0.0523027114528531,
                  0.06143261837312828,
                  0.06487656819101578,
                  0.06612302711452853,
                  0.056868932038834946
               ],
               "class 0": [
                  0.041481250000000004,
                  0.04645,
                  0.05120625,
                  0.05216250000000001,
                  0.044693750000000004
               ],