{
   "svmguide3": {
      "1": {
         "folds": {
            "kdn": {
               "global": [
                  0.2323943661971831,
                  0.24446680080482897,
                  0.2605633802816901,
                  0.2422110552763819,
                  0.2633165829145729
               ],
               "class 0": [
                  0.142668428005284,
                  0.15191545574636725,
                  0.1503957783641161,
                  0.1424802110817942,
                  0.1517150395778364
               ],
               "class 1": [
                  0.5189873417721519,
                  0.540084388185654,
                  0.614406779661017,
                  0.5611814345991561,
                  0.620253164556962
               ]
            },
            "ddn": {
               "global": [
                  0.23340040241448692,
                  0.24446680080482897,
                  0.26006036217303824,
                  0.24371859296482412,
                  0.2633165829145729
               ],
               "class 0": [
                  0.14398943196829592,
                  0.15191545574636725,
                  0.1503957783641161,
                  0.1437994722955145,
                  0.1517150395778364
               ],
               "class 1": [
                  0.5189873417721519,
                  0.540084388185654,
                  0.6122881355932204,
                  0.5632911392405063,
                  0.620253164556962
               ]
            }
         },
         "mean_folds": {
            "kdn": {
               "global": 0.2485904370949314,
               "class 0": 0.1478349825550796,
               "class 1": 0.5709826217549882
            },
            "ddn": {
               "global": 0.2489925482543502,
               "class 0": 0.14836303559042602,
               "class 1": 0.5709808338696989
            }
         },
         "global": {
            "kdn": {
               "global": 0.24698310539018503,
               "class 0": 0.14889123548046462,
               "class 1": 0.5608108108108109
            },
            "ddn": {
               "global": 0.24738535800482703,
               "class 0": 0.1494192185850053,
               "class 1": 0.5608108108108109
            }
         }
      },
      "2": {
         "folds": {
            "kdn": {
               "global": [
                  0.24496981891348088,
                  0.23641851106639838,
                  0.25251509054325955,
                  0.24974874371859296,
                  0.2633165829145729
               ],
               "class 0": [
                  0.1525759577278732,
                  0.13672391017173052,
                  0.1424802110817942,
                  0.14643799472295516,
                  0.15435356200527706
               ],
               "class 1": [
                  0.540084388185654,
                  0.5548523206751055,
                  0.6059322033898306,
                  0.580168776371308,
                  0.6118143459915611
               ]
            },
            "ddn": {
               "global": [
                  0.24484909456740442,
                  0.25111670020120724,
                  0.2598189134808853,
                  0.25912562814070356,
                  0.2724824120603015
               ],
               "class 0": [
                  0.14939233817701453,
                  0.14557463672391016,
                  0.15007915567282323,
                  0.1511213720316623,
                  0.15765171503957784
               ],
               "class 1": [
                  0.5497468354430379,
                  0.5882278481012658,
                  0.6122881355932204,
                  0.6045569620253165,
                  0.639746835443038
               ]
            }
         },
         "mean_folds": {
            "kdn": {
               "global": 0.24939374943126094,
               "class 0": 0.14651432714192603,
               "class 1": 0.5785704069226918
            },
            "ddn": {
               "global": 0.2574785496901004,
               "class 0": 0.15076384352899763,
               "class 1": 0.5989133233211758
            }
         },
         "global": {
            "kdn": {
               "global": 0.24738535800482703,
               "class 0": 0.1446673706441394,
               "class 1": 0.5760135135135135
            },
            "ddn": {
               "global": 0.2544489139179405,
               "class 0": 0.14805702217529038,
               "class 1": 0.5948310810810812
            }
         }
      },
      "3": {
         "folds": {
            "kdn": {
               "global": [
                  0.24916163648558018,
                  0.24949698189134806,
                  0.2595573440643863,
                  0.2539363484087102,
                  0.2629815745393635
               ],
               "class 0": [
                  0.15411712901805372,
                  0.15015411712901805,
                  0.15039577836411608,
                  0.1499560246262093,
                  0.148636763412489
               ],
               "class 1": [
                  0.5527426160337553,
                  0.5668073136427567,
                  0.6101694915254238,
                  0.5864978902953587,
                  0.6286919831223629
               ]
            },
            "ddn": {
               "global": [
                  0.25693158953722334,
                  0.26530181086519117,
                  0.26450704225352106,
                  0.26906532663316585,
                  0.2731256281407035
               ],
               "class 0": [
                  0.154887714663144,
                  0.15532364597093792,
                  0.14902374670184698,
                  0.15484168865435358,
                  0.15456464379947232
               ],
               "class 1": [
                  0.5828691983122363,
                  0.6165822784810127,
                  0.6354237288135594,
                  0.6343881856540085,
                  0.6523206751054853
               ]
            }
         },
         "mean_folds": {
            "kdn": {
               "global": 0.2550267770778777,
               "class 0": 0.15065196250997723,
               "class 1": 0.5889818589239315
            },
            "ddn": {
               "global": 0.265786279485961,
               "class 0": 0.15372828795795096,
               "class 1": 0.6243168132732604
            }
         },
         "global": {
            "kdn": {
               "global": 0.251810136765889,
               "class 0": 0.14783526927138332,
               "class 1": 0.5844594594594594
            },
            "ddn": {
               "global": 0.26482703137570396,
               "class 0": 0.15498416050686376,
               "class 1": 0.6162500000000001
            }
         }
      },
      "4": {
         "folds": {
            "kdn": {
               "global": [
                  0.25528169014084506,
                  0.2540241448692153,
                  0.2590543259557344,
                  0.2565326633165829,
                  0.26834170854271355
               ],
               "class 0": [
                  0.15785997357992074,
                  0.1525759577278732,
                  0.15270448548812665,
                  0.15138522427440634,
                  0.15468337730870713
               ],
               "class 1": [
                  0.5664556962025317,
                  0.5780590717299579,
                  0.600635593220339,
                  0.5928270042194093,
                  0.6318565400843882
               ]
            },
            "ddn": {
               "global": [
                  0.26020120724346074,
                  0.26754527162977865,
                  0.2664688128772636,
                  0.2728542713567839,
                  0.2786331658291457
               ],