{
   "transfusion": {
      "1": {
         "folds": {
            "kdn": {
               "global": [
                  0.24247491638795987,
                  0.2842809364548495,
                  0.22240802675585283,
                  0.31719532554257096,
                  0.25041736227045075
               ],
               "class 0": [
                  0.14912280701754385,
                  0.20175438596491227,
                  0.1118421052631579,
                  0.2236842105263158,
                  0.14035087719298245
               ],
               "class 1": [
                  0.5422535211267606,
                  0.5492957746478874,
                  0.5774647887323944,
                  0.6153846153846154,
                  0.6013986013986014
               ]
            },
            "ddn": {
               "global": [
                  0.2790635451505017,
                  0.3024414715719063,
                  0.26747491638795984,
                  0.3244908180300501,
                  0.2961769616026711
               ],
               "class 0": [
                  0.18710526315789472,
                  0.19754385964912277,
                  0.1657456140350877,
                  0.22302631578947366,
                  0.18723684210526315
               ],
               "class 1": [
                  0.5743661971830986,
                  0.6392957746478873,
                  0.5941549295774649,
                  0.6480419580419581,
                  0.6435664335664336
               ]
            }
         },
         "mean_folds": {
            "kdn": {
               "global": 0.26335531348233676,
               "class 0": 0.16535087719298244,
               "class 1": 0.5771594602580519
            },
            "ddn": {
               "global": 0.2939295425486178,
               "class 0": 0.19213157894736838,
               "class 1": 0.6198850586033685
            }
         },
         "global": {
            "kdn": {
               "global": 0.26737967914438504,
               "class 0": 0.16842105263157894,
               "class 1": 0.5842696629213483
            },
            "ddn": {
               "global": 0.31570855614973264,
               "class 0": 0.21028070175438593,
               "class 1": 0.6533146067415729
            }
         }
      },
      "2": {
         "folds": {
            "kdn": {
               "global": [
                  0.24581939799331104,
                  0.27759197324414714,
                  0.22826086956521738,
                  0.29465776293823037,
                  0.2621035058430718
               ],
               "class 0": [
                  0.13486842105263158,
                  0.19517543859649122,
                  0.12609649122807018,
                  0.20285087719298245,
                  0.15021929824561403
               ],
               "class 1": [
                  0.602112676056338,
                  0.5422535211267606,
                  0.5563380281690141,
                  0.5874125874125874,
                  0.6188811188811189
               ]
            },
            "ddn": {
               "global": [
                  0.261505016722408,
                  0.29173913043478256,
                  0.2632274247491639,
                  0.30343906510851415,
                  0.2988146911519199
               ],
               "class 0": [
                  0.16508771929824562,
                  0.18572368421052632,
                  0.16304824561403508,
                  0.20394736842105263,
                  0.19524122807017544
               ],
               "class 1": [
                  0.5711267605633802,
                  0.6321830985915493,
                  0.5849295774647888,
                  0.6206993006993007,
                  0.6290909090909091
               ]
            }
         },
         "mean_folds": {
            "kdn": {
               "global": 0.26168670191679555,
               "class 0": 0.16184210526315787,
               "class 1": 0.5813995863291638
            },
            "ddn": {
               "global": 0.28374506563335766,
               "class 0": 0.18260964912280703,
               "class 1": 0.6076059292819856
            }
         },
         "global": {
            "kdn": {
               "global": 0.27941176470588236,
               "class 0": 0.17982456140350878,
               "class 1": 0.598314606741573
            },
            "ddn": {
               "global": 0.29864973262032085,
               "class 0": 0.19280701754385965,
               "class 1": 0.6375842696629214
            }
         }
      },
      "3": {
         "folds": {
            "kdn": {
               "global": [
                  0.24247491638795987,
                  0.2653288740245262,
                  0.24581939799331104,
                  0.27545909849749584,
                  0.2921535893155259
               ],
               "class 0": [
                  0.14766081871345027,
                  0.17836257309941522,
                  0.15570175438596492,
                  0.1681286549707602,
                  0.20467836257309943
               ],
               "class 1": [
                  0.5469483568075116,
                  0.5446009389671361,
                  0.5352112676056338,
                  0.6177156177156177,
                  0.5710955710955711
               ]
            },
            "ddn": {
               "global": [
                  0.2694314381270903,
                  0.29180602006688966,
                  0.2708695652173913,
                  0.29624373956594324,
                  0.2956260434056761
               ],
               "class 0": [
                  0.17589912280701755,
                  0.1874342105263158,
                  0.17243421052631577,
                  0.19662280701754387,
                  0.1955263157894737
               ],
               "class 1": [
                  0.5697887323943662,
                  0.6269718309859155,
                  0.5869718309859154,
                  0.613916083916084,
                  0.614825174825175
               ]
            }
         },
         "mean_folds": {
            "kdn": {
               "global": 0.26424717524376373,
               "class 0": 0.17090643274853803,
               "class 1": 0.563114350438294
            },
            "ddn": {
               "global": 0.2847953612765981,
               "class 0": 0.18558333333333332,
               "class 1": 0.6024947306214912
            }
         },
         "global": {
            "kdn": {
               "global": 0.28119429590017825,
               "class 0": 0.18596491228070175,
               "class 1": 0.5861423220973783
            },
            "ddn": {
               "global": 0.2987433155080214,
               "class 0": 0.19450877192982455,
               "class 1": 0.6325280898876404
            }
         }
      },
      "4": {
         "folds": {
            "kdn": {
               "global": [
                  0.2520903010033445,
                  0.26755852842809363,
                  0.25501672240802675,
                  0.2871452420701169,
                  0.2934056761268781
               ],
               "class 0": [
                  0.15789473684210525,
                  0.18092105263157895,
                  0.15844298245614036,
                  0.1836622807017544,
                  0.2050438596491228
               ],
               "class 1": [
                  0.5545774647887324,
                  0.545774647887324,
                  0.5651408450704225,
                  0.6171328671328671,
                  0.5751748251748252
               ]
            },
            "ddn": {
               "global": [
                  0.27658862876254176,
                  0.2882274247491639,
                  0.2719732441471572,
                  0.29420701168614355,
                  0.29791318864774624
               ],