{
   "w3a": {
      "1": {
         "folds": {
            "kdn": {
               "global": [
                  0.11046067701705269,
                  0.032069228811402395,
                  0.03409669211195929,
                  0.029516539440203562,
                  0.029770992366412213
               ],
               "class 0": [
                  0.1072083879423329,
                  0.023328964613368284,
                  0.02490170380078637,
                  0.022018348623853212,
                  0.020440251572327043
               ],
               "class 1": [
                  0.21929824561403508,
                  0.32456140350877194,
                  0.3391304347826087,
                  0.2782608695652174,
                  0.34210526315789475
               ]
            },
            "ddn": {
               "global": [
                  0.028569610587935865,
                  0.02955968439806567,
                  0.03201781170483461,
                  0.026979643765903314,
                  0.03241984732824428
               ],
               "class 0": [
                  0.018422018348623857,
                  0.01899868938401049,
                  0.020655307994757538,
                  0.017965923984272613,
                  0.021614255765199167
               ],
               "class 1": [
                  0.3681578947368421,
                  0.38298245614035087,
                  0.40895652173913044,
                  0.32599999999999996,
                  0.3941228070175439
               ]
            }
         },
         "mean_folds": {
            "kdn": {
               "global": 0.04718282594940603,
               "class 0": 0.03957953131053356,
               "class 1": 0.30067124332570555
            },
            "ddn": {
               "global": 0.02990931955699675,
               "class 0": 0.019531239095372733,
               "class 1": 0.37604393592677343
            }
         },
         "global": {
            "kdn": {
               "global": 0.03420195439739414,
               "class 0": 0.025581882994338435,
               "class 1": 0.32167832167832167
            },
            "ddn": {
               "global": 0.03016897394136808,
               "class 0": 0.01956594673935836,
               "class 1": 0.3837762237762237
            }
         }
      },
      "2": {
         "folds": {
            "kdn": {
               "global": [
                  0.1102061593280733,
                  0.03066938152201578,
                  0.034223918575063614,
                  0.02989821882951654,
                  0.03256997455470738
               ],
               "class 0": [
                  0.10445609436435124,
                  0.019397116644823065,
                  0.022542595019659238,
                  0.019134993446920052,
                  0.02109538784067086
               ],
               "class 1": [
                  0.3026315789473684,
                  0.40789473684210525,
                  0.4217391304347826,
                  0.3869565217391304,
                  0.4166666666666667
               ]
            },
            "ddn": {
               "global": [
                  0.02912700432680072,
                  0.030475948078391456,
                  0.032669211195928756,
                  0.02955216284987278,
                  0.03245038167938932
               ],
               "class 0": [
                  0.018644823066841423,
                  0.019853211009174317,
                  0.02111926605504588,
                  0.020007863695937097,
                  0.02113731656184487
               ],
               "class 1": [
                  0.3799122807017544,
                  0.38596491228070173,
                  0.41582608695652173,
                  0.3461739130434783,
                  0.411140350877193
               ]
            }
         },
         "mean_folds": {
            "kdn": {
               "global": 0.04751353056187533,
               "class 0": 0.03732523746328489,
               "class 1": 0.3871777269260107
            },
            "ddn": {
               "global": 0.030854941626076604,
               "class 0": 0.020152496077768717,
               "class 1": 0.3878035087719298
            }
         },
         "global": {
            "kdn": {
               "global": 0.03440553745928339,
               "class 0": 0.022646257076955337,
               "class 1": 0.42657342657342656
            },
            "ddn": {
               "global": 0.03138843648208469,
               "class 0": 0.02038792199622563,
               "class 1": 0.39825174825174825
            }
         }
      },
      "3": {
         "folds": {
            "kdn": {
               "global": [
                  0.10995164163909392,
                  0.028930177313989988,
                  0.03316369804919424,
                  0.028329092451229856,
                  0.03248515691263782
               ],
               "class 0": [
                  0.10240279598077762,
                  0.015640017474879857,
                  0.01878549584971603,
                  0.01564001747487986,
                  0.019217330538085255
               ],
               "class 1": [
                  0.36257309941520466,
                  0.47368421052631576,
                  0.5101449275362318,
                  0.44927536231884063,
                  0.47660818713450287
               ]
            },
            "ddn": {
               "global": [
                  0.030320692288114032,
                  0.03217103588699416,
                  0.033903307888040725,
                  0.03162086513994912,
                  0.03279134860050892
               ],
               "class 0": [
                  0.0197903014416776,
                  0.021423328964613377,
                  0.022380078636959382,
                  0.021958060288335527,
                  0.02134958071278827
               ],
               "class 1": [
                  0.382719298245614,
                  0.39184210526315794,
                  0.4161739130434783,
                  0.3521739130434783,
                  0.4157894736842105
               ]
            }
         },
         "mean_folds": {
            "kdn": {
               "global": 0.04657195327322917,
               "class 0": 0.03433713146366772,
               "class 1": 0.4544571573862191
            },
            "ddn": {
               "global": 0.032161449960721386,
               "class 0": 0.02138027000887483,
               "class 1": 0.3917397406559878
            }
         },
         "global": {
            "kdn": {
               "global": 0.03243756786102063,
               "class 0": 0.01859229747675963,
               "class 1": 0.4941724941724941
            },
            "ddn": {
               "global": 0.032664902280130304,
               "class 0": 0.02160620675193962,
               "class 1": 0.40146853146853145
            }
         }
      },
      "4": {
         "folds": {
            "kdn": {
               "global": [
                  0.11389666581827437,
                  0.031496564011198776,
                  0.03524173027989822,
                  0.030979643765903307,
                  0.03307888040712468
               ],
               "class 0": [
                  0.10530799475753604,
                  0.01690694626474443,
                  0.019528178243774574,
                  0.017169069462647443,
                  0.018409329140461218
               ],
               "class 1": [
                  0.40131578947368424,
                  0.5197368421052632,
                  0.5565217391304348,
                  0.4891304347826087,
                  0.5241228070175439
               ]
            },