{
   "w4a": {
      "1": {
         "folds": {
            "kdn": {
               "global": [
                  0.10556687033265445,
                  0.028169014084507043,
                  0.027659935516714747,
                  0.03241133548277617,
                  0.026981164092991686
               ],
               "class 0": [
                  0.10367132867132867,
                  0.020804195804195805,
                  0.019405594405594407,
                  0.024825174825174826,
                  0.019405594405594407
               ],
               "class 1": [
                  0.1686046511627907,
                  0.27167630057803466,
                  0.30057803468208094,
                  0.2832369942196532,
                  0.2774566473988439
               ]
            },
            "ddn": {
               "global": [
                  0.02470977596741344,
                  0.025348718818937726,
                  0.02481248939419651,
                  0.029638554216867473,
                  0.02782793144408621
               ],
               "class 0": [
                  0.016844405594405597,
                  0.016423076923076926,
                  0.015069930069930073,
                  0.020440559440559444,
                  0.018760489510489513
               ],
               "class 1": [
                  0.28627906976744183,
                  0.32046242774566475,
                  0.346936416184971,
                  0.33375722543352604,
                  0.32763005780346816
               ]
            }
         },
         "mean_folds": {
            "kdn": {
               "global": 0.04415766390192882,
               "class 0": 0.03762237762237762,
               "class 1": 0.26031052560828066
            },
            "ddn": {
               "global": 0.02646749396830027,
               "class 0": 0.01750769230769231,
               "class 1": 0.3230130393870143
            }
         },
         "global": {
            "kdn": {
               "global": 0.030681509638881346,
               "class 0": 0.023076923076923078,
               "class 1": 0.2824074074074074
            },
            "ddn": {
               "global": 0.026861254412164,
               "class 0": 0.017520279720279724,
               "class 1": 0.3360648148148148
            }
         }
      },
      "2": {
         "folds": {
            "kdn": {
               "global": [
                  0.1036999321113374,
                  0.025963006957407095,
                  0.026217546241303243,
                  0.030459867639572372,
                  0.025963006957407095
               ],
               "class 0": [
                  0.10052447552447552,
                  0.01687062937062937,
                  0.016433566433566433,
                  0.020716783216783215,
                  0.016520979020979022
               ],
               "class 1": [
                  0.20930232558139536,
                  0.3265895953757225,
                  0.34971098265895956,
                  0.35260115606936415,
                  0.33815028901734107
               ]
            },
            "ddn": {
               "global": [
                  0.024209097080787514,
                  0.025459019175292724,
                  0.026327846597658244,
                  0.029930425929068392,
                  0.027945019514678433
               ],
               "class 0": [
                  0.015874125874125882,
                  0.016702797202797208,
                  0.01676398601398602,
                  0.020818181818181822,
                  0.018674825174825178
               ],
               "class 1": [
                  0.30139534883720925,
                  0.314971098265896,
                  0.34254335260115604,
                  0.3312138728323699,
                  0.3344508670520231
               ]
            }
         },
         "mean_folds": {
            "kdn": {
               "global": 0.04246067198140544,
               "class 0": 0.03421328671328671,
               "class 1": 0.3152708697405565
            },
            "ddn": {
               "global": 0.02677428165949706,
               "class 0": 0.017766783216783218,
               "class 1": 0.3249149079177308
            }
         },
         "global": {
            "kdn": {
               "global": 0.028645126255769753,
               "class 0": 0.01937062937062937,
               "class 1": 0.33564814814814814
            },
            "ddn": {
               "global": 0.027690741243551455,
               "class 0": 0.018355244755244755,
               "class 1": 0.336712962962963
            }
         }
      },
      "3": {
         "folds": {
            "kdn": {
               "global": [
                  0.10307761937089838,
                  0.02517110696306352,
                  0.02477515696589173,
                  0.02924373550540189,
                  0.026641778381130153
               ],
               "class 0": [
                  0.0986013986013986,
                  0.015209790209790207,
                  0.013927738927738926,
                  0.018473193473193473,
                  0.016025641025641024
               ],
               "class 1": [
                  0.251937984496124,
                  0.3545279383429672,
                  0.3834296724470135,
                  0.3853564547206165,
                  0.37764932562620424
               ]
            },
            "ddn": {
               "global": [
                  0.02548710115410727,
                  0.02636348209740371,
                  0.02786526387239098,
                  0.03167317155947735,
                  0.028786696080095035
               ],
               "class 0": [
                  0.016926573426573437,
                  0.01759615384615385,
                  0.018069930069930077,
                  0.02252272727272728,
                  0.019405594405594414
               ],
               "class 1": [
                  0.3101744186046511,
                  0.316242774566474,
                  0.3517341040462427,
                  0.3342196531791908,
                  0.33895953757225433
               ]
            }
         },
         "mean_folds": {
            "kdn": {
               "global": 0.04178187943727713,
               "class 0": 0.03244755244755245,
               "class 1": 0.3505802751265851
            },
            "ddn": {
               "global": 0.02803514295269487,
               "class 0": 0.018904195804195813,
               "class 1": 0.3302660975937626
            }
         },
         "global": {
            "kdn": {
               "global": 0.027423296225902796,
               "class 0": 0.017109557109557107,
               "class 1": 0.36882716049382713
            },
            "ddn": {
               "global": 0.02889356502850938,
               "class 0": 0.01953146853146854,
               "class 1": 0.3387962962962963
            }
         }
      },
      "4": {
         "folds": {
            "kdn": {
               "global": [
                  0.10700950441276307,
                  0.026429662311216698,
                  0.027023587306974375,
                  0.030884099779399286,
                  0.027617512302732055
               ],
               "class 0": [
                  0.10166083916083916,
                  0.015603146853146854,
                  0.015428321678321678,
                  0.019143356643356643,
                  0.015865384615384615
               ],
               "class 1": [
                  0.28488372093023256,
                  0.38439306358381503,
                  0.41040462427745666,
                  0.4190751445086705,
                  0.4161849710982659
               ]
            },