{
   "w5a": {
      "1": {
         "folds": {
            "kdn": {
               "global": [
                  0.10581542351453856,
                  0.02515802781289507,
                  0.02718078381795196,
                  0.030337504740235114,
                  0.02540766021994691
               ],
               "class 0": [
                  0.10435914118412491,
                  0.018217306441119064,
                  0.020556856622430394,
                  0.02302888368462139,
                  0.018084829560239397
               ],
               "class 1": [
                  0.15555555555555556,
                  0.26222222222222225,
                  0.2544642857142857,
                  0.28,
                  0.27555555555555555
               ]
            },
            "ddn": {
               "global": [
                  0.02351453855878635,
                  0.022801517067003795,
                  0.025390644753476615,
                  0.028651245101757046,
                  0.026631272911136396
               ],
               "class 0": [
                  0.016184775536759927,
                  0.014716981132075474,
                  0.017503252667187098,
                  0.020300546448087434,
                  0.01819802237835025
               ],
               "class 1": [
                  0.27386666666666665,
                  0.2989333333333333,
                  0.2960267857142857,
                  0.3139111111111111,
                  0.3147111111111111
               ]
            }
         },
         "mean_folds": {
            "kdn": {
               "global": 0.04277988002111353,
               "class 0": 0.03684940349850703,
               "class 1": 0.24555952380952384
            },
            "ddn": {
               "global": 0.025397843678432043,
               "class 0": 0.017380715632492036,
               "class 1": 0.2994898015873016
            }
         },
         "global": {
            "kdn": {
               "global": 0.029227346278317152,
               "class 0": 0.02217133340272718,
               "class 1": 0.2704626334519573
            },
            "ddn": {
               "global": 0.026435072815533978,
               "class 0": 0.018077443530758824,
               "class 1": 0.312170818505338
            }
         }
      },
      "2": {
         "folds": {
            "kdn": {
               "global": [
                  0.104551201011378,
                  0.02427307206068268,
                  0.026485461441213654,
                  0.029895082796106687,
                  0.02534445708507142
               ],
               "class 0": [
                  0.10175666883539362,
                  0.015875081327260898,
                  0.018149882903981264,
                  0.02062190996617226,
                  0.01671870934166016
               ],
               "class 1": [
                  0.2,
                  0.3111111111111111,
                  0.3125,
                  0.3466666666666667,
                  0.32
               ]
            },
            "ddn": {
               "global": [
                  0.023644753476611886,
                  0.023222503160556258,
                  0.02569279393173199,
                  0.028298571609151817,
                  0.025996713436986483
               ],
               "class 0": [
                  0.01614573845152896,
                  0.015124268054651925,
                  0.017803799115274528,
                  0.020076762945615414,
                  0.017535779339058033
               ],
               "class 1": [
                  0.27977777777777774,
                  0.2998222222222222,
                  0.2963839285714286,
                  0.3091555555555556,
                  0.3150222222222222
               ]
            }
         },
         "mean_folds": {
            "kdn": {
               "global": 0.04210985487889049,
               "class 0": 0.034624450474893646,
               "class 1": 0.2980555555555556
            },
            "ddn": {
               "global": 0.02537106712300769,
               "class 0": 0.01733726958122577,
               "class 1": 0.30003234126984124
            }
         },
         "global": {
            "kdn": {
               "global": 0.02796318770226537,
               "class 0": 0.019360882689705424,
               "class 1": 0.3220640569395018
            },
            "ddn": {
               "global": 0.026382483818770234,
               "class 0": 0.018012907255126474,
               "class 1": 0.3125266903914591
            }
         }
      },
      "3": {
         "folds": {
            "kdn": {
               "global": [
                  0.10366624525916561,
                  0.022756005056890013,
                  0.02566371681415929,
                  0.02844141069397042,
                  0.025449795643197236
               ],
               "class 0": [
                  0.09976144003469964,
                  0.013055736282801992,
                  0.015959753664671696,
                  0.01825830514355104,
                  0.015742909185532134
               ],
               "class 1": [
                  0.23703703703703702,
                  0.35407407407407404,
                  0.35863095238095244,
                  0.3762962962962963,
                  0.35703703703703704
               ]
            },
            "ddn": {
               "global": [
                  0.023474083438685216,
                  0.024836915297092296,
                  0.026455120101137805,
                  0.029397042093287837,
                  0.027078751106054868
               ],
               "class 0": [
                  0.0158828887443071,
                  0.016729993493819133,
                  0.018493364558938335,
                  0.021121519646109817,
                  0.018499869893312523
               ],
               "class 1": [
                  0.28275555555555554,
                  0.3017333333333333,
                  0.29964285714285716,
                  0.31208888888888886,
                  0.3201333333333333
               ]
            }
         },
         "mean_folds": {
            "kdn": {
               "global": 0.041195434693476515,
               "class 0": 0.0325556288622513,
               "class 1": 0.3366150793650794
            },
            "ddn": {
               "global": 0.0262483824072516,
               "class 0": 0.01814552726729738,
               "class 1": 0.3032707936507936
            }
         },
         "global": {
            "kdn": {
               "global": 0.02666531823085221,
               "class 0": 0.016689219666215605,
               "class 1": 0.36773428232502964
            },
            "ddn": {
               "global": 0.02720469255663431,
               "class 0": 0.018794628916415118,
               "class 1": 0.3147330960854092
            }
         }
      },
      "4": {
         "folds": {
            "kdn": {
               "global": [
                  0.10625790139064475,
                  0.024241466498103666,
                  0.02692793931731985,
                  0.028599418531159146,
                  0.025597269624573378
               ],
               "class 0": [
                  0.1018217306441119,
                  0.014183474300585556,
                  0.016653655997918293,
                  0.017857142857142856,
                  0.015027322404371584
               ],
               "class 1": [
                  0.2577777777777778,
                  0.36777777777777776,
                  0.3794642857142857,
                  0.39555555555555555,
                  0.38666666666666666
               ]
            },