{
   "w6a": {
      "1": {
         "folds": {
            "kdn": {
               "global": [
                  0.10785454545454545,
                  0.02858181818181818,
                  0.026327272727272727,
                  0.031997672896516616,
                  0.025016362446367537
               ],
               "class 0": [
                  0.10772693173293324,
                  0.022355588897224304,
                  0.018754688672168042,
                  0.024604305753506864,
                  0.0186032555697247
               ],
               "class 1": [
                  0.11190476190476191,
                  0.2261904761904762,
                  0.26666666666666666,
                  0.26666666666666666,
                  0.22857142857142856
               ]
            },
            "ddn": {
               "global": [
                  0.02148727272727273,
                  0.02302254545454546,
                  0.02426763636363637,
                  0.027397280197803804,
                  0.023814995273071054
               ],
               "class 0": [
                  0.014158289572393101,
                  0.015030757689422357,
                  0.015492873218304578,
                  0.018633260820643614,
                  0.015906533643387597
               ],
               "class 1": [
                  0.2540952380952381,
                  0.27666666666666667,
                  0.30276190476190473,
                  0.30557142857142866,
                  0.2748333333333334
               ]
            }
         },
         "mean_folds": {
            "kdn": {
               "global": 0.0439555343413041,
               "class 0": 0.03840895412511143,
               "class 1": 0.22000000000000003
            },
            "ddn": {
               "global": 0.023997946003265883,
               "class 0": 0.015844342988830248,
               "class 1": 0.2827857142857143
            }
         },
         "global": {
            "kdn": {
               "global": 0.03013730509657901,
               "class 0": 0.02316509632119066,
               "class 1": 0.25142857142857145
            },
            "ddn": {
               "global": 0.02454968582732139,
               "class 0": 0.015904699033787436,
               "class 1": 0.29893333333333333
            }
         }
      },
      "2": {
         "folds": {
            "kdn": {
               "global": [
                  0.10578181818181819,
                  0.02661818181818182,
                  0.025672727272727274,
                  0.031015926114464402,
                  0.025961748236491892
               ],
               "class 0": [
                  0.10453863465866467,
                  0.0195423855963991,
                  0.017179294823705928,
                  0.022241392243642636,
                  0.018565749006076063
               ],
               "class 1": [
                  0.14523809523809525,
                  0.2511904761904762,
                  0.29523809523809524,
                  0.30952380952380953,
                  0.26071428571428573
               ]
            },
            "ddn": {
               "global": [
                  0.022541090909090913,
                  0.024036363636363637,
                  0.025242909090909094,
                  0.028915715220711225,
                  0.025298523743727732
               ],
               "class 0": [
                  0.015002250562640667,
                  0.01597824456114029,
                  0.01630982745686422,
                  0.019835721251218966,
                  0.01710149276123322
               ],
               "class 1": [
                  0.26180952380952377,
                  0.27978571428571425,
                  0.3087619047619048,
                  0.31711904761904763,
                  0.28547619047619044
               ]
            }
         },
         "mean_folds": {
            "kdn": {
               "global": 0.043010080324736716,
               "class 0": 0.03641349126569767,
               "class 1": 0.2523809523809524
            },
            "ddn": {
               "global": 0.02520692052016052,
               "class 0": 0.016845507318619474,
               "class 1": 0.2905904761904762
            }
         },
         "global": {
            "kdn": {
               "global": 0.0288282522690249,
               "class 0": 0.02085458800936206,
               "class 1": 0.2819047619047619
            },
            "ddn": {
               "global": 0.02586746567372586,
               "class 0": 0.01698193602592571,
               "class 1": 0.3078857142857143
            }
         }
      },
      "3": {
         "folds": {
            "kdn": {
               "global": [
                  0.10288484848484847,
                  0.024145454545454546,
                  0.02458181818181818,
                  0.028361573703730637,
                  0.025234528397934695
               ],
               "class 0": [
                  0.10087521880470117,
                  0.016054013503375843,
                  0.015303825956489122,
                  0.01837821618783287,
                  0.016902958017653087
               ],
               "class 1": [
                  0.16666666666666666,
                  0.28095238095238095,
                  0.319047619047619,
                  0.34523809523809523,
                  0.28968253968253965
               ]
            },
            "ddn": {
               "global": [
                  0.02372872727272728,
                  0.025305454545454555,
                  0.026593454545454552,
                  0.030453057959421142,
                  0.02618645916660607
               ],
               "class 0": [
                  0.016165041260315084,
                  0.0172828207051763,
                  0.017765191297824463,
                  0.021385492461180718,
                  0.018013652389168112
               ],
               "class 1": [
                  0.2637857142857143,
                  0.2799285714285714,
                  0.3067857142857143,
                  0.3182619047619048,
                  0.28559523809523807
               ]
            }
         },
         "mean_folds": {
            "kdn": {
               "global": 0.0410416446627573,
               "class 0": 0.03350284649401042,
               "class 1": 0.2803174603174603
            },
            "ddn": {
               "global": 0.026453430697932722,
               "class 0": 0.018122439622732932,
               "class 1": 0.29087142857142856
            }
         },
         "global": {
            "kdn": {
               "global": 0.026045302924520983,
               "class 0": 0.01702374522394927,
               "class 1": 0.31238095238095237
            },
            "ddn": {
               "global": 0.027149173842215508,
               "class 0": 0.01829382464142112,
               "class 1": 0.3082095238095238
            }
         }
      },
      "4": {
         "folds": {
            "kdn": {
               "global": [
                  0.10521818181818182,
                  0.026,
                  0.026054545454545455,
                  0.030870482146752965,
                  0.026398080139626207
               ],
               "class 0": [
                  0.10301950487621905,
                  0.017629407351837958,
                  0.016522880720180044,
                  0.020553596879453906,
                  0.017609331633035782
               ],
               "class 1": [
                  0.175,
                  0.2916666666666667,
                  0.32857142857142857,
                  0.35833333333333334,
                  0.3053571428571429
               ]
            },