{
   "w7a": {
      "1": {
         "folds": {
            "kdn": {
               "global": [
                  0.1088442261934896,
                  0.028299498810307296,
                  0.025513819985825654,
                  0.033056596132428874,
                  0.028753670142755896
               ],
               "class 0": [
                  0.1092322947654089,
                  0.022806742863107354,
                  0.01852624986953345,
                  0.026145496294750027,
                  0.023223045611105313
               ],
               "class 1": [
                  0.09628378378378379,
                  0.20608108108108109,
                  0.2516891891891892,
                  0.25675675675675674,
                  0.20777027027027026
               ]
            },
            "ddn": {
               "global": [
                  0.020661165392598598,
                  0.02011998177492027,
                  0.021466538422597957,
                  0.025462184873949585,
                  0.02136782423812899
               ],
               "class 0": [
                  0.013617765252335476,
                  0.01278691091279161,
                  0.013088404133180255,
                  0.017029015760359048,
                  0.014111261872455904
               ],
               "class 1": [
                  0.24863175675675675,
                  0.25746621621621624,
                  0.292652027027027,
                  0.298429054054054,
                  0.25625
               ]
            }
         },
         "mean_folds": {
            "kdn": {
               "global": 0.04489356225296147,
               "class 0": 0.039986765880781004,
               "class 1": 0.2037162162162162
            },
            "ddn": {
               "global": 0.021815538940439076,
               "class 0": 0.01412667158622446,
               "class 1": 0.2706858108108108
            }
         },
         "global": {
            "kdn": {
               "global": 0.03130568605216264,
               "class 0": 0.025175350701402806,
               "class 1": 0.22972972972972974
            },
            "ddn": {
               "global": 0.02218856309735947,
               "class 0": 0.014180026720106884,
               "class 1": 0.28140540540540543
            }
         }
      },
      "2": {
         "folds": {
            "kdn": {
               "global": [
                  0.1061357768440237,
                  0.026603553890548273,
                  0.023995140224764604,
                  0.03138604839526172,
                  0.02657689581856839
               ],
               "class 0": [
                  0.10537028338813215,
                  0.020118991701894472,
                  0.01615175868907212,
                  0.02335351215948231,
                  0.019857008662978813
               ],
               "class 1": [
                  0.13091216216216217,
                  0.23648648648648649,
                  0.2778716216216216,
                  0.29138513513513514,
                  0.24408783783783783
               ]
            },
            "ddn": {
               "global": [
                  0.02187414569938744,
                  0.021647344707133094,
                  0.022579224460868685,
                  0.027118052040093148,
                  0.02281057001113699
               ],
               "class 0": [
                  0.014643807734460628,
                  0.014336934397995934,
                  0.014192151132449642,
                  0.018547124517273774,
                  0.015428974011063572
               ],
               "class 1": [
                  0.25589527027027026,
                  0.2582601351351352,
                  0.29405405405405405,
                  0.30454391891891897,
                  0.26173986486486484
               ]
            }
         },
         "mean_folds": {
            "kdn": {
               "global": 0.04293948303463334,
               "class 0": 0.03697031092031197,
               "class 1": 0.23614864864864868
            },
            "ddn": {
               "global": 0.02320586738372387,
               "class 0": 0.015429798358648711,
               "class 1": 0.27489864864864866
            }
         },
         "global": {
            "kdn": {
               "global": 0.029199740806739025,
               "class 0": 0.021981462925851705,
               "class 1": 0.2628378378378378
            },
            "ddn": {
               "global": 0.02379637129434635,
               "class 0": 0.015665080160320647,
               "class 1": 0.2869864864864865
            }
         }
      },
      "3": {
         "folds": {
            "kdn": {
               "global": [
                  0.10140231863514401,
                  0.023034475775831523,
                  0.02274644797678107,
                  0.027302487259964224,
                  0.02359015895514832
               ],
               "class 0": [
                  0.09950768053163543,
                  0.015778578014369465,
                  0.01422955154298438,
                  0.018369690011481057,
                  0.015934314441777127
               ],
               "class 1": [
                  0.16272522522522523,
                  0.25788288288288286,
                  0.2984234234234234,
                  0.31644144144144143,
                  0.2713963963963964
               ]
            },
            "ddn": {
               "global": [
                  0.02296056295246292,
                  0.02322786412190554,
                  0.0240072896628531,
                  0.028692416725726446,
                  0.02410954743343121
               ],
               "class 0": [
                  0.015520066802358965,
                  0.015785710557904082,
                  0.015586577601502978,
                  0.01996920989458304,
                  0.016581776432522708
               ],
               "class 1": [
                  0.26378378378378375,
                  0.2641047297297297,
                  0.2965709459459459,
                  0.3110472972972973,
                  0.2677702702702702
               ]
            }
         },
         "mean_folds": {
            "kdn": {
               "global": 0.03961517772057383,
               "class 0": 0.03276396290844949,
               "class 1": 0.26137387387387384
            },
            "ddn": {
               "global": 0.024599536179275842,
               "class 0": 0.016688668257774354,
               "class 1": 0.2806554054054054
            }
         },
         "global": {
            "kdn": {
               "global": 0.0252578432960743,
               "class 0": 0.017061901580939655,
               "class 1": 0.2905405405405405
            },
            "ddn": {
               "global": 0.025253928397861662,
               "class 0": 0.01699899799599199,
               "class 1": 0.2924459459459459
            }
         }
      },
      "4": {
         "folds": {
            "kdn": {
               "global": [
                  0.1024148230648509,
                  0.024439325672049816,
                  0.024729168775944114,
                  0.029082717424319126,
                  0.025817555938037865
               ],
               "class 0": [
                  0.10029486978758938,
                  0.01683106309691561,
                  0.016099572069721322,
                  0.01987005531781651,
                  0.01786087047281077
               ],
               "class 1": [
                  0.1710304054054054,
                  0.27069256756756754,
                  0.30405405405405406,
                  0.32728040540540543,
                  0.2833614864864865
               ]
            },