{
   "w8a": {
      "1": {
         "folds": {
            "kdn": {
               "global": [
                  0.11668634890323877,
                  0.024472976707957485,
                  0.024849870599763815,
                  0.03170933943063896,
                  0.027386934673366833
               ],
               "class 0": [
                  0.11811166355914647,
                  0.0195514812512948,
                  0.01836026517505697,
                  0.024834265589392997,
                  0.022089289413714523
               ],
               "class 1": [
                  0.07016060862214708,
                  0.18512256973795435,
                  0.23668639053254437,
                  0.25612848689771767,
                  0.20016891891891891
               ]
            },
            "ddn": {
               "global": [
                  0.018154224980527153,
                  0.016502927209226362,
                  0.019379632654086792,
                  0.021639990954546603,
                  0.018978894472361812
               ],
               "class 0": [
                  0.011527346177750157,
                  0.009933706235757202,
                  0.011943235964367103,
                  0.013756215040397767,
                  0.012061062771908021
               ],
               "class 1": [
                  0.23447168216398986,
                  0.23093829247675401,
                  0.2621217244294168,
                  0.2789856297548605,
                  0.24460304054054055
               ]
            }
         },
         "mean_folds": {
            "kdn": {
               "global": 0.04502109406299317,
               "class 0": 0.04058939299772115,
               "class 1": 0.18965339494185648
            },
            "ddn": {
               "global": 0.018931134054149746,
               "class 0": 0.01184431323803605,
               "class 1": 0.25022407387311235
            }
         },
         "global": {
            "kdn": {
               "global": 0.03131721240627952,
               "class 0": 0.025502382432152474,
               "class 1": 0.2210953346855984
            },
            "ddn": {
               "global": 0.01933767512914833,
               "class 0": 0.011867412471514401,
               "class 1": 0.26314401622718053
            }
         }
      },
      "2": {
         "folds": {
            "kdn": {
               "global": [
                  0.11020377396416996,
                  0.02280208045428277,
                  0.02358099449734918,
                  0.02893288776099902,
                  0.024987437185929648
               ],
               "class 0": [
                  0.11051118707271597,
                  0.017233789102962502,
                  0.016495753055728195,
                  0.021351253366480215,
                  0.018878185208203852
               ],
               "class 1": [
                  0.10016906170752325,
                  0.20456466610312765,
                  0.25486052409129334,
                  0.2764158918005072,
                  0.22423986486486486
               ]
            },
            "ddn": {
               "global": [
                  0.019749742455840606,
                  0.01841001030176638,
                  0.02091409331892762,
                  0.024166938867810753,
                  0.020952010050251258
               ],
               "class 0": [
                  0.012975450590428844,
                  0.01172907603066087,
                  0.013311062771908022,
                  0.016199761756784756,
                  0.014000932256059669
               ],
               "class 1": [
                  0.24087912087912092,
                  0.23649196956889262,
                  0.26909551986475067,
                  0.2842349957734573,
                  0.247660472972973
               ]
            }
         },
         "mean_folds": {
            "kdn": {
               "global": 0.04210143477254612,
               "class 0": 0.036894033561218155,
               "class 1": 0.21205000171346328
            },
            "ddn": {
               "global": 0.020838558998919322,
               "class 0": 0.01364325668116843,
               "class 1": 0.2556724158118389
            }
         },
         "global": {
            "kdn": {
               "global": 0.027859856479527226,
               "class 0": 0.021255438160348042,
               "class 1": 0.2434077079107505
            },
            "ddn": {
               "global": 0.02146937626886973,
               "class 0": 0.013863476279262486,
               "class 1": 0.2697025016903313
            }
         }
      },
      "3": {
         "folds": {
            "kdn": {
               "global": [
                  0.10080655292846553,
                  0.02109768252133638,
                  0.02075429030880173,
                  0.02527701701047765,
                  0.021725293132328308
               ],
               "class 0": [
                  0.10014847040950212,
                  0.015140528968993852,
                  0.013241488847455284,
                  0.01735032111042055,
                  0.015200952972860988
               ],
               "class 1": [
                  0.12228796844181458,
                  0.21555367709213863,
                  0.2659904198365737,
                  0.28402366863905326,
                  0.23451576576576574
               ]
            },
            "ddn": {
               "global": [
                  0.02124927762004071,
                  0.01940501017613508,
                  0.022189502248800227,
                  0.02589989698233625,
                  0.022157537688442214
               ],
               "class 0": [
                  0.014447897244665431,
                  0.012689817692148336,
                  0.014577895172985298,
                  0.01789284234514192,
                  0.015173503211104214
               ],
               "class 1": [
                  0.24326289095519862,
                  0.2386052409129332,
                  0.27065088757396444,
                  0.2872696534234996,
                  0.2499408783783784
               ]
            }
         },
         "mean_folds": {
            "kdn": {
               "global": 0.03793216718028193,
               "class 0": 0.03221635246184656,
               "class 1": 0.2244742999550692
            },
            "ddn": {
               "global": 0.022180244943150896,
               "class 0": 0.01495639113320904,
               "class 1": 0.2579459102487948
            }
         },
         "global": {
            "kdn": {
               "global": 0.023578363384188627,
               "class 0": 0.01647676265451281,
               "class 1": 0.25535271579896324
            },
            "ddn": {
               "global": 0.022769100886449983,
               "class 0": 0.015136938056764042,
               "class 1": 0.27185936443542935
            }
         }
      },
      "4": {
         "folds": {
            "kdn": {
               "global": [
                  0.10475137566270509,
                  0.023028216789366566,
                  0.0220294479760798,
                  0.02722430211814367,
                  0.023473618090452262
               ],
               "class 0": [
                  0.10407603066086596,
                  0.01687771908017402,
                  0.014449968924798011,
                  0.019150093225605968,
                  0.016767661073130307
               ],
               "class 1": [
                  0.12679628064243448,
                  0.22379543533389687,
                  0.2694420963651733,
                  0.2907861369399831,
                  0.2421875
               ]
            },