method,n_samples,time
kDN,100,0.00033354759216308594
DDN,100,0.03732736905415853
kDN,1000,0.01387802759806315
DDN,1000,0.24250499407450357
kDN,5000,0.13234408696492514
DDN,5000,2.2147154013315835
kDN,10000,0.36934622128804523
DDN,10000,7.205875237782796
