method,n_samples,time
kDN,100,0.005045890808105469
DDN,100,0.04037014643351237
kDN,1000,0.019997914632161457
DDN,1000,0.26528120040893555
kDN,5000,0.1480692227681478
DDN,5000,2.7791624069213867
kDN,10000,0.3989231586456299
DDN,10000,8.834186871846518
