method,n_samples,time
kDN,100,0.0
DDN,100,0.03385758399963379
kDN,1000,0.008400201797485352
DDN,1000,0.17337592442830405
kDN,5000,0.09035499890645345
DDN,5000,1.1349252065022786
kDN,10000,0.23037322362263998
DDN,10000,2.7558815479278564
