method,n_samples,time
kDN,100,0.0016826788584391277
DDN,100,0.04066093762715658
kDN,1000,0.003008604049682617
DDN,1000,0.20810667673746744
kDN,5000,0.11345450083414714
DDN,5000,1.6714755694071453
kDN,10000,0.3169562021891276
DDN,10000,4.7765867710113525
